"";"doc_id";"sentence_id";"sentence";"token_id";"token";"lemma";"misc";"orth";"sensenumber"
"47";"DiccionariodeVandelli.txt";4;"A MEMORIA SOBRE A UTILIDADE DOS JARDINS BOTANICOS QUE OFFERECE A RAYNHA D. MARIA I NOSSA SENHORA DOMINGOS VANDELLI Director do Real";"8";"JARDINS BOTANICOS";"jardim botânico";NA;"JARDINS BOTÂNICOS";"1"
"65";"DiccionariodeVandelli.txt";5;"Jardim Botanico, e Lente das Cadeiras de Chymica, e de Historia Natural na Universidade de Coimbra, &c.";"1";"Jardim Botanico";"jardim botânico";NA;"Jardim Botânico";"1"
"741";"DiccionariodeVandelli.txt";34;"Memoria sobre a utilidade dos Jardins Botanicos, a respeito da Agricultura, e principalmente da cultivaçaõ das charnecas pelo D.D. V. Lisboa.1, 70.";"7";"Jardins Botanicos";"jardim botânico";NA;"Jardins Botânicos";"1"
"5225";"DiccionariodeVandelli.txt";623;"- Membranacea.";"2";"Membranacea";"membranáceo";"SpaceAfter=No";"Membranácea";"1"
"5762";"DiccionariodeVandelli.txt";692;"- Deflexa.";"2";"Deflexa";"deflexo";"SpaceAfter=No";"Deflexa";"1"
"6337";"DiccionariodeVandelli.txt";760;"- Bifida.";"2";"Bifida";"bífido";"SpaceAfter=No";"Bífida";"1"
"6371";"DiccionariodeVandelli.txt";768;"- Cartilaginea.";"2";"Cartilaginea";"cartilagíneo";"SpaceAfter=No";"Cartilagínea";"1"
"6918";"DiccionariodeVandelli.txt";851;"d. branco. b. gema.";"5";"gema";"gema";"SpaceAfter=No";"gema";"2"
"14386";"DiccionariodeVandelli.txt";1852;"— Bifida, seu emarginata.";"2";"Bifida";"bífido";"SpaceAfter=No";"Bífida";"1"
"15559";"DiccionariodeVandelli.txt";2025;"De substancia membranacea.";"3";"membranacea";"membranáceo";"SpaceAfter=No";"membranácea";"1"
"15603";"DiccionariodeVandelli.txt";2039;"Pelas lacinias, ou abas.";"3";"lacinias";"lacínia";"SpaceAfter=No";"lacínias";"1"
"15635";"DiccionariodeVandelli.txt";2045;"— Bifida.";"2";"Bifida";"bífido";"SpaceAfter=No";"Bífida";"1"
"15686";"DiccionariodeVandelli.txt";2054;"DAS PLANTAS NO SISTEMA SEXUAL DE LINNEO.";"7";"SEXUAL";"sexual";NA;"SEXUAL";"1"
"15730";"DiccionariodeVandelli.txt";2059;"As Flores todas saõ hermaphroditas, e os estames com os pistillos estaõ na mesma flor.";"5";"hermaphroditas";"hermafrodita";"SpaceAfter=No";"hermafroditas";"1"
"15734";"DiccionariodeVandelli.txt";2059;"As Flores todas saõ hermaphroditas, e os estames com os pistillos estaõ na mesma flor.";"9";"estames";"estame";NA;"estames";"1"
"15737";"DiccionariodeVandelli.txt";2059;"As Flores todas saõ hermaphroditas, e os estames com os pistillos estaõ na mesma flor.";"12";"pistillos";"pistilo";NA;"pistilos";"1"
"15757";"DiccionariodeVandelli.txt";2062;"Os estames de nenhum modo estaõ unidos entre si.";"2";"estames";"estame";NA;"estames";"1"
"15778";"DiccionariodeVandelli.txt";2065;"Os estames naõ tem entre si alguma determinada proporçaõ no comprimento.";"2";"estames";"estame";NA;"estames";"1"
"15828";"DiccionariodeVandelli.txt";2078;"ou mais, e pegados na parte interior do caliz.";"12";"caliz";"cálice";"SpaceAfter=No";"cálice";"1"
"15840";"DiccionariodeVandelli.txt";2081;"20 ou mais no receptaculo.";"6";"receptaculo";"receptáculo";"SpaceAfter=No";"receptáculo";"1"
"15853";"DiccionariodeVandelli.txt";2085;"Dous estames sempre mais breves, que os outros.";"2";"estames";"estame";NA;"estames";"1"
"15871";"DiccionariodeVandelli.txt";2089;"Quatro estames, dos quaes dous saõ mais breves.";"2";"estames";"estame";"SpaceAfter=No";"estames";"1"
"15887";"DiccionariodeVandelli.txt";2092;"Seis estames, dos quaes dous saõ mais breves.";"2";"estames";"estame";"SpaceAfter=No";"estames";"1"
"15909";"DiccionariodeVandelli.txt";2095;"Os estames estaõ unidos por alguma parte entre si, ou com o pistillo.";"2";"estames";"estame";NA;"estames";"1"
"15921";"DiccionariodeVandelli.txt";2095;"Os estames estaõ unidos por alguma parte entre si, ou com o pistillo.";"14";"pistillo";"pistilo";"SpaceAfter=No";"pistilo";"1"
"15928";"DiccionariodeVandelli.txt";2098;"Os estames por meio dos filamentos formaõ hum só corpo.";"2";"estames";"estame";NA;"estames";"1"
"15934";"DiccionariodeVandelli.txt";2098;"Os estames por meio dos filamentos formaõ hum só corpo.";"7";"filamentos";"filamento";NA;"filamentos";"1"
"15964";"DiccionariodeVandelli.txt";2107;"Os estames por meio das antheras (raras vezes unidos com os filamentos) formaõ hum cylindro.";"2";"estames";"estame";NA;"estames";"1"
"15970";"DiccionariodeVandelli.txt";2107;"Os estames por meio das antheras (raras vezes unidos com os filamentos) formaõ hum cylindro.";"7";"antheras";"antera";NA;"anteras";"1"
"15977";"DiccionariodeVandelli.txt";2107;"Os estames por meio das antheras (raras vezes unidos com os filamentos) formaõ hum cylindro.";"14";"filamentos";"filamento";"SpaceAfter=No";"filamentos";"1"
"15989";"DiccionariodeVandelli.txt";2110;"Quando os estames naõ estaõ pegados ao receptaculo, mas ao pistillo.";"3";"estames";"estame";NA;"estames";"1"
"15996";"DiccionariodeVandelli.txt";2110;"Quando os estames naõ estaõ pegados ao receptaculo, mas ao pistillo.";"9";"receptaculo";"receptáculo";"SpaceAfter=No";"receptáculo";"1"
"16002";"DiccionariodeVandelli.txt";2110;"Quando os estames naõ estaõ pegados ao receptaculo, mas ao pistillo.";"14";"pistillo";"pistilo";"SpaceAfter=No";"pistilo";"1"
"16071";"DiccionariodeVandelli.txt";2124;"Flores hermaphroditos, e machos, ou femeas na mesma planta.";"2";"hermaphroditos";"hermafrodita";"SpaceAfter=No";"hermafroditos";"1"
"16149";"DiccionariodeVandelli.txt";2133;"As ordens das primeiras treze classes determinaõ-se pelo numero das femeas, ou pistillos, e na falta destes, pelo dos estigmas; e assim se diz v.g. Monandria Monogynia sendo hum pistillo Digynia dous Tryginia &c. Poligynia mais de dez.";"18";"pistillos";"pistilo";"SpaceAfter=No";"pistilos";"1"
"16166";"DiccionariodeVandelli.txt";2133;"As ordens das primeiras treze classes determinaõ-se pelo numero das femeas, ou pistillos, e na falta destes, pelo dos estigmas; e assim se diz v.g. Monandria Monogynia sendo hum pistillo Digynia dous Tryginia &c. Poligynia mais de dez.";"31";"estigmas";"estigma";"SpaceAfter=No";"estigmas";"1"
"16177";"DiccionariodeVandelli.txt";2133;"As ordens das primeiras treze classes determinaõ-se pelo numero das femeas, ou pistillos, e na falta destes, pelo dos estigmas; e assim se diz v.g. Monandria Monogynia sendo hum pistillo Digynia dous Tryginia &c. Poligynia mais de dez.";"42";"pistillo";"pistilo";NA;"pistilo";"1"
"16224";"DiccionariodeVandelli.txt";2146;"Com pequenas siliquas.";"3";"siliquas";"síliqua";"SpaceAfter=No";"síliquas";"1"
"16229";"DiccionariodeVandelli.txt";2148;"Com siliquas mais compridas.";"2";"siliquas";"síliqua";NA;"síliquas";"1"
"16251";"DiccionariodeVandelli.txt";2151;"tem as ordens pelo numero dos estames.";"9";"estames";"estame";"SpaceAfter=No";"estames";"1"
"16268";"DiccionariodeVandelli.txt";2154;"As ordens Polygamia aqualis consta de muitas flores pequenas com estames, e pistillos.";"11";"estames";"estame";"SpaceAfter=No";"estames";"1"
"16271";"DiccionariodeVandelli.txt";2154;"As ordens Polygamia aqualis consta de muitas flores pequenas com estames, e pistillos.";"14";"pistillos";"pistilo";"SpaceAfter=No";"pistilos";"1"
"16280";"DiccionariodeVandelli.txt";2155;"Polygamia spuria, quando as pequenas flores hermaphroditas estaõ no meio, ou no disco do receptaculo, e os flosculos femeas occupaõ a margem, ou circunferencia do receptaculo.";"8";"hermaphroditas";"hermafrodita";NA;"hermafroditas";"1"
"16291";"DiccionariodeVandelli.txt";2155;"Polygamia spuria, quando as pequenas flores hermaphroditas estaõ no meio, ou no disco do receptaculo, e os flosculos femeas occupaõ a margem, ou circunferencia do receptaculo.";"17";"disco";"disco";NA;"disco";"1"
"16295";"DiccionariodeVandelli.txt";2155;"Polygamia spuria, quando as pequenas flores hermaphroditas estaõ no meio, ou no disco do receptaculo, e os flosculos femeas occupaõ a margem, ou circunferencia do receptaculo.";"20";"receptaculo";"receptáculo";"SpaceAfter=No";"receptáculo";"1"
"16299";"DiccionariodeVandelli.txt";2155;"Polygamia spuria, quando as pequenas flores hermaphroditas estaõ no meio, ou no disco do receptaculo, e os flosculos femeas occupaõ a margem, ou circunferencia do receptaculo.";"24";"flosculos";"flósculo";NA;"flósculos";"1"
"16310";"DiccionariodeVandelli.txt";2155;"Polygamia spuria, quando as pequenas flores hermaphroditas estaõ no meio, ou no disco do receptaculo, e os flosculos femeas occupaõ a margem, ou circunferencia do receptaculo.";"34";"receptaculo";"receptáculo";"SpaceAfter=No";"receptáculo";"1"
"16329";"DiccionariodeVandelli.txt";2158;"Superflua, quando as flores hermophroditas do disco tem estigma, e daõ semente, e as flores da margem, ou do raio, ou as femeas tambem daõ sementes.";"9";"disco";"disco";NA;"disco";"1"
"16331";"DiccionariodeVandelli.txt";2158;"Superflua, quando as flores hermophroditas do disco tem estigma, e daõ semente, e as flores da margem, ou do raio, ou as femeas tambem daõ sementes.";"11";"estigma";"estigma";"SpaceAfter=No";"estigma";"1"
"16364";"DiccionariodeVandelli.txt";2160;"Frustranea, quando os flosculos hermaphroditos do disco daõ sementes, e as femeas do raio, ou margem por falta de estigma naõ daõ sementes.";"5";"flosculos";"flósculo";NA;"flósculos";"1"
"16365";"DiccionariodeVandelli.txt";2160;"Frustranea, quando os flosculos hermaphroditos do disco daõ sementes, e as femeas do raio, ou margem por falta de estigma naõ daõ sementes.";"6";"hermaphroditos";"hermafrodita";NA;"hermafroditos";"1"
"16369";"DiccionariodeVandelli.txt";2160;"Frustranea, quando os flosculos hermaphroditos do disco daõ sementes, e as femeas do raio, ou margem por falta de estigma naõ daõ sementes.";"9";"disco";"disco";NA;"disco";"1"
"16386";"DiccionariodeVandelli.txt";2160;"Frustranea, quando os flosculos hermaphroditos do disco daõ sementes, e as femeas do raio, ou margem por falta de estigma naõ daõ sementes.";"25";"estigma";"estigma";NA;"estigma";"1"
"16398";"DiccionariodeVandelli.txt";2162;"Necessaria, quando as flores hermaphroditas do";"6";"hermaphroditas";"hermafrodita";NA;"hermafroditas";"1"
"16406";"DiccionariodeVandelli.txt";2164;"disco naõ daõ sementes por falta de estigma; e os flosculos, ou femeas do rayo he que as daõ.";"1";"disco";"disco";NA;"disco";"1"
"16413";"DiccionariodeVandelli.txt";2164;"disco naõ daõ sementes por falta de estigma; e os flosculos, ou femeas do rayo he que as daõ.";"8";"estigma";"estigma";"SpaceAfter=No";"estigma";"1"
"16417";"DiccionariodeVandelli.txt";2164;"disco naõ daõ sementes por falta de estigma; e os flosculos, ou femeas do rayo he que as daõ.";"12";"flosculos";"flósculo";"SpaceAfter=No";"flósculos";"1"
"16435";"DiccionariodeVandelli.txt";2167;"Hum caliz commum contem muitos calizes com as suas flores.";"2";"caliz";"cálice";NA;"cálice";"1"
"16439";"DiccionariodeVandelli.txt";2167;"Hum caliz commum contem muitos calizes com as suas flores.";"6";"calizes";"cálice";NA;"cálices";"1"
"16449";"DiccionariodeVandelli.txt";2170;"Caliz com huma só flor.";"1";"Caliz";"cálice";NA;"Cálice";"1"
"16540";"DiccionariodeVandelli.txt";2178;"Quando está pois pegada á outra planta, e naõ á terra, então chama-se a planta parasitica como Epidendrum, Viscum.";"19";"parasitica";"parasítico";NA;"parasítica";"1"
"16553";"DiccionariodeVandelli.txt";2179;"A raiz he vestida ou cercada de cuticula, ou epiderme compacta, e muitas vezes transparente.";"8";"cuticula";"cutícula";"SpaceAfter=No";"cutícula";"1"
"16756";"DiccionariodeVandelli.txt";2194;"Perenne, a qual com a producçaõ de novas gemmas, ou gomos em cada anno produz nova herva.";"1";"Perenne";"perene";"SpaceAfter=No";"Perene";"1"
"16765";"DiccionariodeVandelli.txt";2194;"Perenne, a qual com a producçaõ de novas gemmas, ou gomos em cada anno produz nova herva.";"10";"gemmas";"gema";"SpaceAfter=No";"gemas";"1"
"16768";"DiccionariodeVandelli.txt";2194;"Perenne, a qual com a producçaõ de novas gemmas, ou gomos em cada anno produz nova herva.";"13";"gomos";"gomo";NA;"gomos";"1"
"16806";"DiccionariodeVandelli.txt";2197;"A raiz, ou he de substancia carnosa, ou lignosa, ou tenra, ou rija, ou sucosa, ou farinacea.";"20";"sucosa";"sucoso";"SpaceAfter=No";"sucosa";"1"
"16838";"DiccionariodeVandelli.txt";2204;"_ Fibrosa.";"2";"Fibrosa";"fibroso";"SpaceAfter=No";"Fibrosa";"1"
"16852";"DiccionariodeVandelli.txt";2207;"A qual consta sómente de pequenas raizes fibrosas, ou filamentos; como nas Gramas, Malva &c.";"8";"fibrosas";"fibroso";"SpaceAfter=No";"fibrosas";"1"
"16855";"DiccionariodeVandelli.txt";2207;"A qual consta sómente de pequenas raizes fibrosas, ou filamentos; como nas Gramas, Malva &c.";"11";"filamentos";"filamento";"SpaceAfter=No";"filamentos";"1"
"16896";"DiccionariodeVandelli.txt";2216;"Oblonga crassa, e adelgaçada para a sua ponta.";"1";"Oblonga";"oblongo";NA;"Oblonga";"1"
"17120";"DiccionariodeVandelli.txt";2247;"Pegados á raiz corpos, que contem germes, ou bulbos.";"11";"bulbos";"bulbo";"SpaceAfter=No";"bulbos";"1"
"17202";"DiccionariodeVandelli.txt";2261;"Quando a raiz principal carnosa lança outros pequenos fios, ou filamentos approximados, parallelos entre si.";"12";"filamentos";"filamento";NA;"filamentos";"1"
"17221";"DiccionariodeVandelli.txt";2265;"Raiz que tem pimpolhos.";"4";"pimpolhos";"pimpolho";"SpaceAfter=No";"pimpolhos";"1"
"17233";"DiccionariodeVandelli.txt";2267;"Chama-se escamosa sendo cuberta de escamas.";"3";"escamosa";"escamoso";NA;"escamosa";"1"
"17258";"DiccionariodeVandelli.txt";2274;"_ Bulbosa.";"2";"Bulbosa";"bulboso";"SpaceAfter=No";"Bulbosa";"1"
"17261";"DiccionariodeVandelli.txt";2275;"O Bulbo, quando a raiz he mais grossa, que o tronco.";"2";"Bulbo";"bulbo";"SpaceAfter=No";"Bulbo";"1"
"17280";"DiccionariodeVandelli.txt";2276;"fig 125; e a raiz bulbosa he de huma substancia mais molle, succosa; ou esta he tunicata.";"7";"bulbosa";"bulboso";NA;"bulbosa";"1"
"17288";"DiccionariodeVandelli.txt";2276;"fig 125; e a raiz bulbosa he de huma substancia mais molle, succosa; ou esta he tunicata.";"15";"succosa";"sucoso";"SpaceAfter=No";"sucosa";"1"
"17299";"DiccionariodeVandelli.txt";2277;"Allium sativum, ou escamosa.";"5";"escamosa";"escamoso";"SpaceAfter=No";"escamosa";"1"
"17324";"DiccionariodeVandelli.txt";2283;"Constando de muitos grãos bulbosos, ou de particulas carnosas espalhadas.";"5";"bulbosos";"bulboso";"SpaceAfter=No";"bulbosos";"1"
"17354";"DiccionariodeVandelli.txt";2289;"Destituida de tunica.";"3";"tunica";"túnica";"SpaceAfter=No";"túnica";"1"
"17357";"DiccionariodeVandelli.txt";2290;"_ Parasitica.";"2";"Parasitica";"parasítico";"SpaceAfter=No";"Parasítica";"1"
"17428";"DiccionariodeVandelli.txt";2297;"Azas se dizem os petalos das flores papilionaceas, entre o Vexillo, e a Carina.";"9";"papilionaceas";"papilionáceo";"SpaceAfter=No";"papilionáceas";"1"
"17448";"DiccionariodeVandelli.txt";2299;"Ou saõ as extremidades delgadas, e membranaceas de alguma semente, como na do Freixo.";"8";"membranaceas";"membranáceo";NA;"membranáceas";"1"
"17469";"DiccionariodeVandelli.txt";2301;"Ou saõ aquellas membranas foliaceas, que descem pelo comprimento do caule.";"5";"foliaceas";"foliáceo";"SpaceAfter=No";"foliáceas";"1"
"17503";"DiccionariodeVandelli.txt";2305;"Parte da planta, que sahindo da terra levanta com sigo a fructificaçaõ, e juntamente as folhas.";"15";"fructificaçaõ";"frutificação";"SpaceAfter=No";"frutificação";"1"
"17604";"DiccionariodeVandelli.txt";2320;"He o tronco proprio da herva, que sustenta as folhas, e a fructificaçaõ nas hervas, he flexivel, e molle.";"16";"fructificaçaõ";"frutificação";NA;"frutificação";"1"
"17803";"DiccionariodeVandelli.txt";2358;"He hum tronco universal sucoso, que sustenta taõ sómente a fructificaçaõ.";"5";"sucoso";"sucoso";"SpaceAfter=No";"sucoso";"1"
"17810";"DiccionariodeVandelli.txt";2358;"He hum tronco universal sucoso, que sustenta taõ sómente a fructificaçaõ.";"12";"fructificaçaõ";"frutificação";"SpaceAfter=No";"frutificação";"1"
"17990";"DiccionariodeVandelli.txt";2378;"Quando a planta conserua o caule naõ muito alto no inverno sem gomos ou gemas.";"14";"gomos";"gomo";NA;"gomos";"1"
"17992";"DiccionariodeVandelli.txt";2378;"Quando a planta conserua o caule naõ muito alto no inverno sem gomos ou gemas.";"16";"gemas";"gema";"SpaceAfter=No";"gemas";"1"
"18000";"DiccionariodeVandelli.txt";2381;"Perenne, sahindo da mesma raiz muitos caules baixos, e rijos.";"1";"Perenne";"perene";"SpaceAfter=No";"Perene";"1"
"18024";"DiccionariodeVandelli.txt";2384;"Planta perenne com gomos no tronco, que quasi nunca chega a altura de Arvore.";"2";"perenne";"perene";NA;"perene";"1"
"18026";"DiccionariodeVandelli.txt";2384;"Planta perenne com gomos no tronco, que quasi nunca chega a altura de Arvore.";"4";"gomos";"gomo";NA;"gomos";"1"
"18046";"DiccionariodeVandelli.txt";2387;"Planta perenne, rija, lignosa, mais baixa do frutice, e tem gomos.";"2";"perenne";"perene";"SpaceAfter=No";"perene";"1"
"18061";"DiccionariodeVandelli.txt";2387;"Planta perenne, rija, lignosa, mais baixa do frutice, e tem gomos.";"16";"gomos";"gomo";"SpaceAfter=No";"gomos";"1"
"18077";"DiccionariodeVandelli.txt";2390;"Sendo hum só, e este alto perenne, Alcea arborea.";"8";"perenne";"perene";"SpaceAfter=No";"perene";"1"
"18091";"DiccionariodeVandelli.txt";2392;"A arvore he huma especie de planta perenne, com simples tronco, alto, grosso, rijo, com ramos.";"8";"perenne";"perene";"SpaceAfter=No";"perene";"1"
"18137";"DiccionariodeVandelli.txt";2399;"Sem nenhuma substancia medullar no meio, ou com huma substancia medullar muito porosa, e chêa de cavidades.";"4";"medullar";"medular";NA;"medular";"1"
"18147";"DiccionariodeVandelli.txt";2399;"Sem nenhuma substancia medullar no meio, ou com huma substancia medullar muito porosa, e chêa de cavidades.";"13";"medullar";"medular";NA;"medular";"1"
"18209";"DiccionariodeVandelli.txt";2409;"Com azas, ou membrana foliacea, que se extende pelo seu comprimento.";"6";"foliacea";"foliáceo";"SpaceAfter=No";"foliácea";"1"
"18818";"DiccionariodeVandelli.txt";2480;"Diz-se daquelle caule, cujos ramos, que tem gomos, ou gemas, descendo até á terra lançaõ nella novas raizes, e destas nascem novas hastes.";"11";"gomos";"gomo";"SpaceAfter=No";"gomos";"1"
"18821";"DiccionariodeVandelli.txt";2480;"Diz-se daquelle caule, cujos ramos, que tem gomos, ou gemas, descendo até á terra lançaõ nella novas raizes, e destas nascem novas hastes.";"14";"gemas";"gema";"SpaceAfter=No";"gemas";"1"
"18849";"DiccionariodeVandelli.txt";2483;"Pimpolhos, que nascem do pé do caule, ou da raiz, que arrancados se plantaõ.";"1";"Pimpolhos";"pimpolho";"SpaceAfter=No";"Pimpolhos";"1"
"18894";"DiccionariodeVandelli.txt";2487;"He hum caule quasi nú, repente, sem raizes lateraes, ou caule delgado, e de igual grossura, com nós, que lançaõ raizes.";"7";"repente";"repente";"SpaceAfter=No";"repente";"1"
"19009";"DiccionariodeVandelli.txt";2503;"Tendo articulaçoens viradas ora para huma, ora para outra parte, ou virando-se de gomo em gomo.";"17";"gomo";"gomo";NA;"gomo";"1"
"19011";"DiccionariodeVandelli.txt";2503;"Tendo articulaçoens viradas ora para huma, ora para outra parte, ou virando-se de gomo em gomo.";"19";"gomo";"gomo";"SpaceAfter=No";"gomo";"1"
"19032";"DiccionariodeVandelli.txt";2506;"Caule que sobe pelos corpos vizinhos sustentado pelos seus capreolos, ou Elos.";"12";"capreolos";"capréolo";"SpaceAfter=No";"capréolos";"1"
"19140";"DiccionariodeVandelli.txt";2530;"Sendo plano longitudinal, e lateralmente.";"3";"longitudinal";"longitudinal";"SpaceAfter=No";"longitudinal";"1"
"19198";"DiccionariodeVandelli.txt";2538;"Com mais de dous angulos excavados, ou profundos, longitudinaes.";"11";"longitudinaes";"longitudinal";"SpaceAfter=No";"longitudinais";"1"
"19261";"DiccionariodeVandelli.txt";2549;"Assim se chama o caule triangular, quadrangular &c. pelo numero dos angulos longitudinaes prominentes, e igualmente distantes, com os lados entre os angulos, convexos.";"16";"longitudinaes";"longitudinal";NA;"longitudinais";"1"
"19318";"DiccionariodeVandelli.txt";2555;"Sendo destituido de folhas, escamas, estipulas, e outras excrecencias; porém isto naõ he absoluta, mas sim relativamente a outra especie.";"8";"estipulas";"estípula";"SpaceAfter=No";"estípulas";"1"
"19861";"DiccionariodeVandelli.txt";2645;"b. Constando de estipulas.";"5";"estipulas";"estípula";"SpaceAfter=No";"estípulas";"1"
"19894";"DiccionariodeVandelli.txt";2650;"Sendo chato á maneira de huma folha, e parece ter azas por causa das suas membranas longitudinaes.";"19";"longitudinaes";"longitudinal";"SpaceAfter=No";"longitudinais";"1"
"19910";"DiccionariodeVandelli.txt";2653;"Que contem corpos carnosos, isto he, bulbosos.";"9";"bulbosos";"bulboso";"SpaceAfter=No";"bulbosos";"1"
"20333";"DiccionariodeVandelli.txt";2720;"Quando os ramos se levantaõ em feixe de tal forma, que ficaõ iguaes como se fossem cortados horizontalmente; e assim se chamaõ fastigiati flores, quando os peciolos elevaõ as fructificaçoens em hum feixe.";"30";"peciolos";"pecíolo";NA;"pecíolos";"1"
"20336";"DiccionariodeVandelli.txt";2720;"Quando os ramos se levantaõ em feixe de tal forma, que ficaõ iguaes como se fossem cortados horizontalmente; e assim se chamaõ fastigiati flores, quando os peciolos elevaõ as fructificaçoens em hum feixe.";"33";"fructificaçoens";"frutificação";NA;"frutificações";"1"
"20372";"DiccionariodeVandelli.txt";2725;"Opposto ao coarctado, ou apertado, quando o tronco lança muitos caules perto da terra sendo muito distantes entre si, e formando com o tronco hum angulo obtuzo.";"4";"coarctado";"coarctado";"SpaceAfter=No";"coarctado";"1"
"20474";"DiccionariodeVandelli.txt";2736;"He huma especie de tronco formado do ramo, e da folha, e muitas vezes contem a fructificaçaõ, e he proprio";"21";"fructificaçaõ";"frutificação";"SpaceAfter=No";"frutificação";"1"
"20900";"DiccionariodeVandelli.txt";2783;"Sendo taõ deflexos, que chegaõ a tocar a terra, e a raiz da mesma planta.";"3";"deflexos";"deflexo";"SpaceAfter=No";"deflexos";"1"
"21144";"DiccionariodeVandelli.txt";2818;"Nascendo donde sahe a flor, ou nos pedunculos, e por se conservarem, he que differem das bracteas, que cahem.";"10";"pedunculos";"pedúnculo";"SpaceAfter=No";"pedúnculos";"1"
"21157";"DiccionariodeVandelli.txt";2818;"Nascendo donde sahe a flor, ou nos pedunculos, e por se conservarem, he que differem das bracteas, que cahem.";"22";"bracteas";"bráctea";"SpaceAfter=No";"brácteas";"1"
"21189";"DiccionariodeVandelli.txt";2822;"As primeiras folhas, que sahem da semente, que dantes foraõ os cotyledones, e estas cahem.";"16";"cotyledones";"cotilédone";"SpaceAfter=No";"cotilédones";"1"
"21694";"DiccionariodeVandelli.txt";2900;"Quando o meio, ou disco da folha se approxima, ou se une ao mesmo caule.";"6";"disco";"disco";NA;"disco";"1"
"22120";"DiccionariodeVandelli.txt";2953;"Quando as mesmas folhas lançaõ no disco inferior raizes como em algumas Algas.";"8";"disco";"disco";NA;"disco";"1"
"22146";"DiccionariodeVandelli.txt";2956;"Saxifraga cotyledon.";"2";"cotyledon";"cotilédone";"SpaceAfter=No";"cotilédone";"1"
"22163";"DiccionariodeVandelli.txt";2958;"Em quanto á inserçaõ, ou uniaõ da folha com o peciolo.";"13";"peciolo";"pecíolo";"SpaceAfter=No";"pecíolo";"1"
"22187";"DiccionariodeVandelli.txt";2962;"Tendo a folha na margem da sua base hum peciolo (62), ou pé, por meio do qual se une ao tronco, ou ramo.";"12";"peciolo";"pecíolo";NA;"pecíolo";"1"
"22225";"DiccionariodeVandelli.txt";2966;"Quando o peciolo se une ao meio da folha, e naõ á margem, nem á base.";"3";"peciolo";"pecíolo";NA;"pecíolo";"1"
"22262";"DiccionariodeVandelli.txt";2972;"Sendo distituidas de peciolo; e por isto unidas immediatamente ao caule.";"4";"peciolo";"pecíolo";"SpaceAfter=No";"pecíolo";"1"
"22371";"DiccionariodeVandelli.txt";2989;"A folha se acha unida ao caule sem peciolo, mas a sua base se estende pelo caule abaixo.";"10";"peciolo";"pecíolo";"SpaceAfter=No";"pecíolo";"1"
"22518";"DiccionariodeVandelli.txt";3007;"Orbiculatum. fig. 1. Tendo o diametro longitudinal igual ao transversal, formando deste modo huma figura circular.";"8";"longitudinal";"longitudinal";NA;"longitudinal";"1"
"22591";"DiccionariodeVandelli.txt";3018;"Estando a parte mais estreita da folha pegada ao peciolo.";"12";"peciolo";"pecíolo";"SpaceAfter=No";"pecíolo";"1"
"22649";"DiccionariodeVandelli.txt";3027;"He quando o diametro longitudinal excede o transversal, sendo as extremidades apertadas, da mesma largura.";"5";"longitudinal";"longitudinal";NA;"longitudinal";"1"
"22680";"DiccionariodeVandelli.txt";3031;"fig. 5. O diametro longitudinal da folha excede algumas vezes o transversal, sendo huma, e outra extremidade mais estreita, que hum segmento de circulo.";"6";"longitudinal";"longitudinal";NA;"longitudinal";"1"
"22717";"DiccionariodeVandelli.txt";3035;"O diametro longitudinal da folha excede o transversal; e desde a base subindo pelo apice se vai adelgaçando, e formando huma figura semi-oval.";"3";"longitudinal";"longitudinal";NA;"longitudinal";"1"
"22785";"DiccionariodeVandelli.txt";3041;"Quando a folha se adelgaça pouco, e pouco para sua base, e o diametro longitudinal excede o transversal.";"17";"longitudinal";"longitudinal";NA;"longitudinal";"1"
"22874";"DiccionariodeVandelli.txt";3055;"Folha cuberta de certos villos á maneira de buço.";"5";"villos";"vilo";NA;"vilos";"1"
"23198";"DiccionariodeVandelli.txt";3109;"A folha he romboidal, e os dous angulos lateraes menos se afastaõ da base da folha.";"4";"romboidal";"romboidal";"SpaceAfter=No";"romboidal";"1"
"23319";"DiccionariodeVandelli.txt";3123;"Quando o cume, ou apice da figura do coraçaõ está pegado ao peciolo.";"17";"peciolo";"pecíolo";"SpaceAfter=No";"pecíolo";"1"
"23546";"DiccionariodeVandelli.txt";3159;"He huma folha oblonga (39); mais larga superiormente, com o apice, e a base elevada; o apice alguma cousa connivente, e inferiormente mais larga, e nos lados apertada.";"4";"oblonga";"oblongo";NA;"oblonga";"1"
"23568";"DiccionariodeVandelli.txt";3159;"He huma folha oblonga (39); mais larga superiormente, com o apice, e a base elevada; o apice alguma cousa connivente, e inferiormente mais larga, e nos lados apertada.";"26";"connivente";"conivente";"SpaceAfter=No";"conivente";"1"
"23658";"DiccionariodeVandelli.txt";3170;"He a folha superiormente dividida em duas partes, ou lacinias, ficando as margens interiores rectas.";"11";"lacinias";"lacínia";"SpaceAfter=No";"lacínias";"1"
"23804";"DiccionariodeVandelli.txt";3184;"Tendo profundas, e grandes lacinias, ou abas.";"6";"lacinias";"lacínia";"SpaceAfter=No";"lacínias";"1"
"23961";"DiccionariodeVandelli.txt";3200;"Folha dividida em divizoens compridas, e horizontaes, ou lacinias, ou abas compridas.";"11";"lacinias";"lacínia";"SpaceAfter=No";"lacínias";"1"
"24166";"DiccionariodeVandelli.txt";3226;"Por margem da folha entendem-se todos os lados exteriores, naõ fallando do disco.";"17";"disco";"disco";"SpaceAfter=No";"disco";"1"
"24182";"DiccionariodeVandelli.txt";3229;"Folha destituida de incizuras, ou crenas, isto he quando a margem da folha he linear, e de nenhuma sorte excavada.";"7";"crenas";"crena";"SpaceAfter=No";"crenas";"1"
"24620";"DiccionariodeVandelli.txt";3294;"Sendo a margem cartilaginea, differente da substancia do disco, ou da superficie, Sedum.";"4";"cartilaginea";"cartilagíneo";"SpaceAfter=No";"cartilagínea";"1"
"24630";"DiccionariodeVandelli.txt";3294;"Sendo a margem cartilaginea, differente da substancia do disco, ou da superficie, Sedum.";"12";"disco";"disco";"SpaceAfter=No";"disco";"1"
"24704";"DiccionariodeVandelli.txt";3303;"Folha, cuja margem está cortada de varios modos, e as suas lacinias saõ desiguaes.";"14";"lacinias";"lacínia";NA;"lacínias";"1"
"24729";"DiccionariodeVandelli.txt";3307;"Folha sinuatum, cujas excavaçoens contem outras mui pequenas, e com lacinias desiguaes.";"13";"lacinias";"lacínia";NA;"lacínias";"1"
"24852";"DiccionariodeVandelli.txt";3325;"Quando acaba no apice em crena, ou pequena excavaçaõ.";"7";"crena";"crena";"SpaceAfter=No";"crena";"1"
"25067";"DiccionariodeVandelli.txt";3362;"Terminando em cirrhos no apice, isto he, em varios filamentos, por meio dos quaes sobem por outros corpos.";"13";"filamentos";"filamento";"SpaceAfter=No";"filamentos";"1"
"25142";"DiccionariodeVandelli.txt";3373;"Sendo a folha destituida de excrescencias pilosas, verrucosas &c. Daphne cneorum, Mentha vulgaris.";"7";"pilosas";"piloso";"SpaceAfter=No";"pilosas";"1"
"25380";"DiccionariodeVandelli.txt";3404;"Sendo as linhas da folha longitudinaes, e algum tanto profundas, e parallelas.";"7";"longitudinaes";"longitudinal";"SpaceAfter=No";"longitudinais";"1"
"25474";"DiccionariodeVandelli.txt";3414;"As veias, ou nervos das foIhas, saõ partes, ou ramificações do peciolo.";"17";"peciolo";"pecíolo";"SpaceAfter=No";"pecíolo";"1"
"25500";"DiccionariodeVandelli.txt";3418;"As veias da folha se contrahem de tal sorte, que comprimindo o disco, este sobresahe; isto he, eleva-se mais, que os mesmos lados da folha.";"15";"disco";"disco";"SpaceAfter=No";"disco";"1"
"25544";"DiccionariodeVandelli.txt";3423;"Sobresahindo de entre as rugas para parte do disco, ou da superficies da folha, de figura conica pela parte superior, e concava pela inferior.";"10";"disco";"disco";"SpaceAfter=No";"disco";"1"
"25590";"DiccionariodeVandelli.txt";3426;"A folha, que tem varias excavaçoens, ou o disco entre as veias está abaixado.";"11";"disco";"disco";NA;"disco";"1"
"25925";"DiccionariodeVandelli.txt";3468;"Folha revestida e tuberculos algum tanto duros, espalhados pelo seu disco ou superficie.";"13";"disco";"disco";NA;"disco";"1"
"25941";"DiccionariodeVandelli.txt";3472;"Havendo sedas de disco, ou na superficie da folha, que sejaõ algum tanto duras, rijas, asperas, e quebradiças.";"4";"disco";"disco";"SpaceAfter=No";"disco";"1"
"25974";"DiccionariodeVandelli.txt";3475;"Estando o disco cheio de espinhos rijos, e picantes.";"3";"disco";"disco";NA;"disco";"1"
"26119";"DiccionariodeVandelli.txt";3492;"Esta deve observar-se em quanto ao numero, côr, duraçaõ e outros mais attributos, em que pode desferir, vg. quando a bractea pela sua grandeza termina o caule exprimem-se os Botanicos pelo termo de folium connatum, e naõ bracteatum.";"27";"bractea";"bráctea";NA;"bráctea";"1"
"26223";"DiccionariodeVandelli.txt";3505;"A margem ou lado mais restricto obriga o disco da folha a ser concavo.";"9";"disco";"disco";NA;"disco";"1"
"26240";"DiccionariodeVandelli.txt";3508;"Sendo o disco superior da folha mais elevado, ou convexo.";"3";"disco";"disco";NA;"disco";"1"
"26289";"DiccionariodeVandelli.txt";3515;"O disco da folha sobe, e desce para a margem formando assim varios angulos, e muitas pregas.";"2";"disco";"disco";NA;"disco";"1"
"26321";"DiccionariodeVandelli.txt";3518;"Subindo, e descendo o disco da folha convexamente até a margem.";"6";"disco";"disco";NA;"disco";"1"
"26341";"DiccionariodeVandelli.txt";3521;"O disco da folha forma varias dobras obtusas, e alternadas.";"2";"disco";"disco";NA;"disco";"1"
"26379";"DiccionariodeVandelli.txt";3524;"Folha monstruosa, pois he quando a margem da folha sahe maior do que o disco admitte, de maneira que a margem he as ondas.";"18";"disco";"disco";NA;"disco";"1"
"26566";"DiccionariodeVandelli.txt";3555;"A folha he mais funda no disco, que nos lados.";"8";"disco";"disco";"SpaceAfter=No";"disco";"1"
"26621";"DiccionariodeVandelli.txt";3562;"A superficie interior ou disco da folha elevada longitudinalmente á mesma maneira de quilha.";"5";"disco";"disco";NA;"disco";"1"
"26778";"DiccionariodeVandelli.txt";3584;"Huma folha á maneira de sovela, cujos tres lados longitudinaes saõ planos.";"11";"longitudinaes";"longitudinal";NA;"longitudinais";"1"
"26799";"DiccionariodeVandelli.txt";3588;"Tendo dous angulos longitudinaes, prominentes, oppostos, e o disco mais convexo.";"4";"longitudinaes";"longitudinal";"SpaceAfter=No";"longitudinais";"1"
"26807";"DiccionariodeVandelli.txt";3588;"Tendo dous angulos longitudinaes, prominentes, oppostos, e o disco mais convexo.";"12";"disco";"disco";NA;"disco";"1"
"26840";"DiccionariodeVandelli.txt";3591;"Folha linear, carnosa, obtusa, convexa pela parte infernior, e a sua margem muitas vezes he cartilaginea.";"21";"cartilaginea";"cartilagíneo";"SpaceAfter=No";"cartilagínea";"1"
"27108";"DiccionariodeVandelli.txt";3627;"— 4. Perenne.";"4";"Perenne";"perene";"SpaceAfter=No";"Perene";"1"
"27172";"DiccionariodeVandelli.txt";3635;"Nesta parte deve-se attender a muitas folhas postas em hum só peciolo conforme a sua estructura, ou gráos.";"14";"peciolo";"pecíolo";NA;"pecíolo";"1"
"27201";"DiccionariodeVandelli.txt";3638;"Quando o peciolo simples, e sem ser dividido sustenta huma só folha.";"3";"peciolo";"pecíolo";NA;"pecíolo";"1"
"27230";"DiccionariodeVandelli.txt";3641;"Folha composta de outras tantas pequenas folhas postas no peciolo commum, ou simples.";"11";"peciolo";"pecíolo";NA;"pecíolo";"1"
"27312";"DiccionariodeVandelli.txt";3649;"As partes da folha das folhas compostas, saõ as pequenas folhas, e pinnas, e os peciolos maiores, ou principaes.";"21";"peciolos";"pecíolo";NA;"pecíolos";"1"
"27325";"DiccionariodeVandelli.txt";3652;"O peciolo simples une de hum, e outro lado huma unica, e pequena folha pinnata.";"2";"peciolo";"pecíolo";NA;"pecíolo";"1"
"27356";"DiccionariodeVandelli.txt";3657;"O peciolo simples une no seu apice muitas pequenas folhas distintas entre si.";"2";"peciolo";"pecíolo";NA;"pecíolo";"1"
"27411";"DiccionariodeVandelli.txt";3664;"FIG. 64. 65. com pequenas folhas, postas na extremidade do peciolo.";"15";"peciolo";"pecíolo";"SpaceAfter=No";"pecíolo";"1"
"27444";"DiccionariodeVandelli.txt";3671;"O peciolo se divide em duas partes, e sustenta no lado interior muito pequenas folhas.";"2";"peciolo";"pecíolo";NA;"pecíolo";"1"
"27512";"DiccionariodeVandelli.txt";3679;"Hum peciolo simples une em cada lado muitas folhas pequenas á maneira de penna.";"2";"peciolo";"pecíolo";NA;"pecíolo";"1"
"27638";"DiccionariodeVandelli.txt";3698;"As pequenas folha se achaõ oppostas em cada lado do peciolo.";"12";"peciolo";"pecíolo";"SpaceAfter=No";"pecíolo";"1"
"27678";"DiccionariodeVandelli.txt";3704;"O peciolo consta de pequenas folhas interrompidas com outras menores, que alternaõ as maiores.";"2";"peciolo";"pecíolo";NA;"pecíolo";"1"
"27711";"DiccionariodeVandelli.txt";3707;"As pequenas folhas descem com a sua base pelo peciolo.";"11";"peciolo";"pecíolo";"SpaceAfter=No";"pecíolo";"1"
"27730";"DiccionariodeVandelli.txt";3710;"Varias folhas pequenas nascem de algumas articulaçoens do peciolo.";"10";"peciolo";"pecíolo";"SpaceAfter=No";"pecíolo";"1"
"27742";"DiccionariodeVandelli.txt";3714;"O peciolo commum dividi-se em dous, e sustenta muitas folhas.";"2";"peciolo";"pecíolo";NA;"pecíolo";"1"
"27764";"DiccionariodeVandelli.txt";3717;"Sendo o peciolo chêo de varias excrescencias de folhas que parecem azas.";"3";"peciolo";"pecíolo";NA;"pecíolo";"1"
"27787";"DiccionariodeVandelli.txt";3719;"Considerada a folha em quanto á subdivisaõ do peciolo, ou pésinho commum.";"10";"peciolo";"pecíolo";"SpaceAfter=No";"pecíolo";"1"
"27797";"DiccionariodeVandelli.txt";3721;"O peciolo commum huma vez dividido une varias pequenas folhas.";"2";"peciolo";"pecíolo";NA;"pecíolo";"1"
"27816";"DiccionariodeVandelli.txt";3724;"O peciolo dividido em dous une nas suas pontas quatro pequenas folhas.";"2";"peciolo";"pecíolo";NA;"pecíolo";"1"
"27839";"DiccionariodeVandelli.txt";3727;"O peciolo, ou pésinho sustenta tres pequenas folhas, e cada huma dividida em tres.";"2";"peciolo";"pecíolo";"SpaceAfter=No";"pecíolo";"1"
"27871";"DiccionariodeVandelli.txt";3732;"O peciolo nos seus lados une pequenas folhas pinnatas.";"2";"peciolo";"pecíolo";NA;"pecíolo";"1"
"27896";"DiccionariodeVandelli.txt";3737;"O peciolo dividido varias vezes mais, que duas, contem muitas pequenas folhas.";"2";"peciolo";"pecíolo";NA;"pecíolo";"1"
"27950";"DiccionariodeVandelli.txt";3740;"Dividido o pésinho em tres partes sustenta nos apices quatro pequenas folhas, em cada lado do apice duras, e na divisaõ do peciolo commum outras duas.";"29";"peciolo";"pecíolo";NA;"pecíolo";"1"
"27967";"DiccionariodeVandelli.txt";3743;"Dividindo-se o peciolo em tres, subdivide-se ainda cada divisaõ em outras tres partes, e cada huma tem tres pequenas folhas.";"4";"peciolo";"pecíolo";NA;"pecíolo";"1"
"28003";"DiccionariodeVandelli.txt";3747;"Sustentando o peciolo varias pequenas folhas bipinnatas.";"3";"peciolo";"pecíolo";NA;"pecíolo";"1"
"28010";"DiccionariodeVandelli.txt";3748;"O peciolo se divide em tres antes, que receba as pequenas folhas.";"2";"peciolo";"pecíolo";NA;"pecíolo";"1"
"28032";"DiccionariodeVandelli.txt";3752;"Sustentando peciolo folhas tripinnatas no numero porém desiguaes.";"2";"peciolo";"pecíolo";NA;"pecíolo";"1"
"28088";"DiccionariodeVandelli.txt";3757;"Petiolus, Stipulae, Cirrhus, Pubes, Arma, Bractea, Penduculus.";"11";"Bractea";"bráctea";"SpaceAfter=No";"Bráctea";"1"
"28097";"DiccionariodeVandelli.txt";3759;"Pésinho, ou peciolo he huma especie de tronco, que une, e eleva a folha, e naõ a fructificaçaõ.";"4";"peciolo";"pecíolo";NA;"pecíolo";"1"
"28115";"DiccionariodeVandelli.txt";3759;"Pésinho, ou peciolo he huma especie de tronco, que une, e eleva a folha, e naõ a fructificaçaõ.";"22";"fructificaçaõ";"frutificação";"SpaceAfter=No";"frutificação";"1"
"28239";"DiccionariodeVandelli.txt";3777;"Com tres lados, excavando com regos longitudinaes.";"8";"longitudinaes";"longitudinal";"SpaceAfter=No";"longitudinais";"1"
"28276";"DiccionariodeVandelli.txt";3781;"O comprimento da folha excede muitas vezes o do peciolo, ou que o peciolo está muito longe para chegar ao comprimento da folha.";"12";"peciolo";"pecíolo";"SpaceAfter=No";"pecíolo";"1"
"28281";"DiccionariodeVandelli.txt";3781;"O comprimento da folha excede muitas vezes o do peciolo, ou que o peciolo está muito longe para chegar ao comprimento da folha.";"17";"peciolo";"pecíolo";NA;"pecíolo";"1"
"28427";"DiccionariodeVandelli.txt";3798;"Quando está unido com a sua base mais larga; de tal modo, que sem se quebrar, ou dilacerar a epiderme do caule naõ se possa dividir.";"23";"epiderme";"epiderme";NA;"epiderme";"1"
"28460";"DiccionariodeVandelli.txt";3804;"Sendo o peciolo acrescentado com alguma cousa, ou com folhos de folhas na base.";"3";"peciolo";"pecíolo";NA;"pecíolo";"1"
"28563";"DiccionariodeVandelli.txt";3825;"b. Saõ humas escamas, que nascem nas bases dos peciolos, ou pedunculos em hum, e outro lado.";"14";"peciolos";"pecíolo";"SpaceAfter=No";"pecíolos";"1"
"28566";"DiccionariodeVandelli.txt";3825;"b. Saõ humas escamas, que nascem nas bases dos peciolos, ou pedunculos em hum, e outro lado.";"17";"pedunculos";"pedúnculo";NA;"pedúnculos";"1"
"28644";"DiccionariodeVandelli.txt";3839;"Que estaõ nas Papilionaceas, e na Icosandria.";"5";"Papilionaceas";"papilionáceo";"SpaceAfter=No";"Papilionáceas";"1"
"28659";"DiccionariodeVandelli.txt";3842;"As estipulas nascem nos lados do peciolo, ou pedunculo.";"2";"estipulas";"estípula";NA;"estípulas";"1"
"28668";"DiccionariodeVandelli.txt";3842;"As estipulas nascem nos lados do peciolo, ou pedunculo.";"9";"peciolo";"pecíolo";"SpaceAfter=No";"pecíolo";"1"
"28671";"DiccionariodeVandelli.txt";3842;"As estipulas nascem nos lados do peciolo, ou pedunculo.";"12";"pedunculo";"pedúnculo";"SpaceAfter=No";"pedúnculo";"1"
"28678";"DiccionariodeVandelli.txt";3844;"Existindo as estipulas no principio da folha, entre o peciolo, e a mesma folha.";"3";"estipulas";"estípula";NA;"estípulas";"1"
"28690";"DiccionariodeVandelli.txt";3844;"Existindo as estipulas no principio da folha, entre o peciolo, e a mesma folha.";"13";"peciolo";"pecíolo";"SpaceAfter=No";"pecíolo";"1"
"28732";"DiccionariodeVandelli.txt";3850;"Sendo unidas aos peciolos das folhas oppostas á situaçaõ das folhas.";"5";"peciolos";"pecíolo";NA;"pecíolos";"1"
"28932";"DiccionariodeVandelli.txt";3897;"Respectivamente ao peciolo, ou á folha: ou ao pedunculo, faltando o peciolo. (64).";"4";"peciolo";"pecíolo";"SpaceAfter=No";"pecíolo";"1"
"28942";"DiccionariodeVandelli.txt";3897;"Respectivamente ao peciolo, ou á folha: ou ao pedunculo, faltando o peciolo. (64).";"13";"pedunculo";"pedúnculo";"SpaceAfter=No";"pedúnculo";"1"
"28946";"DiccionariodeVandelli.txt";3897;"Respectivamente ao peciolo, ou á folha: ou ao pedunculo, faltando o peciolo. (64).";"17";"peciolo";"pecíolo";"SpaceAfter=No";"pecíolo";"1"
"29063";"DiccionariodeVandelli.txt";3913;"No peciolo.";"3";"peciolo";"pecíolo";"SpaceAfter=No";"pecíolo";"1"
"29071";"DiccionariodeVandelli.txt";3915;"No pedunculo.";"3";"pedunculo";"pedúnculo";"SpaceAfter=No";"pedúnculo";"1"
"29267";"DiccionariodeVandelli.txt";3941;"Excrescencia pillosa, parallela, comprida; unida em feixe á maneira de barba de cabra; os pellos saõ estendidos rectamente.";"2";"pillosa";"piloso";"SpaceAfter=No";"pilosa";"1"
"29294";"DiccionariodeVandelli.txt";3943;"Excrescencia formada de villos entretecidos, e que apenas apparecem; serve para defender as plantas dos ventos.";"4";"villos";"vilo";NA;"vilos";"1"
"29330";"DiccionariodeVandelli.txt";3947;"Villo he huma excrescencia pillosa, porém muito mais tenra.";"1";"Villo";"vilo";NA;"Vilo";"1"
"29334";"DiccionariodeVandelli.txt";3947;"Villo he huma excrescencia pillosa, porém muito mais tenra.";"5";"pillosa";"piloso";"SpaceAfter=No";"pilosa";"1"
"29624";"DiccionariodeVandelli.txt";3983;"Na base dos estames ou filamentos.";"6";"estames";"estame";NA;"estames";"1"
"29626";"DiccionariodeVandelli.txt";3983;"Na base dos estames ou filamentos.";"8";"filamentos";"filamento";"SpaceAfter=No";"filamentos";"1"
"29743";"DiccionariodeVandelli.txt";4004;"Nos peciolos.";"3";"peciolos";"pecíolo";"SpaceAfter=No";"pecíolos";"1"
"29754";"DiccionariodeVandelli.txt";4007;"Nos pedunculos.";"3";"pedunculos";"pedúnculo";"SpaceAfter=No";"pedúnculos";"1"
"29762";"DiccionariodeVandelli.txt";4009;"Nas estipulas.";"3";"estipulas";"estípula";"SpaceAfter=No";"estípulas";"1"
"29838";"DiccionariodeVandelli.txt";4020;"Gemmae os gomos, ou gemas das folhas principalmente das plantas rezinosas.";"3";"gomos";"gomo";"SpaceAfter=No";"gomos";"1"
"29841";"DiccionariodeVandelli.txt";4020;"Gemmae os gomos, ou gemas das folhas principalmente das plantas rezinosas.";"6";"gemas";"gema";NA;"gemas";"1"
"30153";"DiccionariodeVandelli.txt";4062;"Calycis do caliz.";"4";"caliz";"cálice";"SpaceAfter=No";"cálice";"1"
"30197";"DiccionariodeVandelli.txt";4070;"No caliz, nas suas lacinias, ou pequenas folhas.";"3";"caliz";"cálice";"SpaceAfter=No";"cálice";"1"
"30203";"DiccionariodeVandelli.txt";4070;"No caliz, nas suas lacinias, ou pequenas folhas.";"8";"lacinias";"lacínia";"SpaceAfter=No";"lacínias";"1"
"30302";"DiccionariodeVandelli.txt";4086;"Tilia europaea, Salvis, Fumaria bulbosa, Horminium.";"7";"bulbosa";"bulboso";"SpaceAfter=No";"bulbosa";"1"
"30415";"DiccionariodeVandelli.txt";4104;"He hum tronco parcial, que levanta a frutificaçaõ, e naõ as folhas.";"9";"frutificaçaõ";"frutificação";"SpaceAfter=No";"frutificação";"1"
"30440";"DiccionariodeVandelli.txt";4107;"Que sustenta quasi sempre huma só frutificação.";"7";"frutificação";"frutificação";"SpaceAfter=No";"frutificação";"1"
"30452";"DiccionariodeVandelli.txt";4109;"b. ou que sahe de outro pedunculo comum.";"8";"pedunculo";"pedúnculo";NA;"pedúnculo";"1"
"30457";"DiccionariodeVandelli.txt";4111;"Pedunculo, que sahe immediatamente da";"1";"Pedunculo";"pedúnculo";"SpaceAfter=No";"Pedúnculo";"1"
"30488";"DiccionariodeVandelli.txt";4117;"Pedunculo, que sustenta muitas frutificações, que he commum a muitas flores.";"1";"Pedunculo";"pedúnculo";"SpaceAfter=No";"Pedúnculo";"1"
"30493";"DiccionariodeVandelli.txt";4117;"Pedunculo, que sustenta muitas frutificações, que he commum a muitas flores.";"6";"frutificações";"frutificação";"SpaceAfter=No";"frutificações";"1"
"30543";"DiccionariodeVandelli.txt";4127;"Sahe do peciolo.";"4";"peciolo";"pecíolo";"SpaceAfter=No";"pecíolo";"1"
"30792";"DiccionariodeVandelli.txt";4174;"Muitos pedunculos sahem do mesmo ponto sem intermedio algum, e formaõ huma circunferencia igual.";"2";"pedunculos";"pedúnculo";NA;"pedúnculos";"1"
"30831";"DiccionariodeVandelli.txt";4180;"Estando varios pedunculos pouco distantes entre si na base, e quasi parallelos.";"3";"pedunculos";"pedúnculo";NA;"pedúnculos";"1"
"30849";"DiccionariodeVandelli.txt";4182;"Muitos pedunculos, que sahem do mesmo lugar, estaõ muito desunidos entre si, ou saõ divergentes.";"2";"pedunculos";"pedúnculo";"SpaceAfter=No";"pedúnculos";"1"
"30904";"DiccionariodeVandelli.txt";4184;"O apice se arquea de maneira que a flor está como cahindo, ou pendente para hum lado, nem se póde elevar por causa da curvatura do pedunculo.";"31";"pedunculo";"pedúnculo";"SpaceAfter=No";"pedúnculo";"1"
"31157";"DiccionariodeVandelli.txt";4230;"Sem bracteas, folhas, escamas, ou buço.";"2";"bracteas";"bráctea";"SpaceAfter=No";"brácteas";"1"
"31189";"DiccionariodeVandelli.txt";4237;"(81) Com bracteas.";"5";"bracteas";"bráctea";"SpaceAfter=No";"brácteas";"1"
"31232";"DiccionariodeVandelli.txt";4247;"He o modo com que as flores estaõ unidas á planta por meio do pedunculo.";"16";"pedunculo";"pedúnculo";"SpaceAfter=No";"pedúnculo";"1"
"31240";"DiccionariodeVandelli.txt";4249;"Parte filamentosa, e membranacea, primeira que o fruto, e conhecida pela elegancia das suas cores.";"5";"membranacea";"membranáceo";"SpaceAfter=No";"membranácea";"1"
"31265";"DiccionariodeVandelli.txt";4250;"Consta de Calix, Corolla, Estames, Pistillo, Pericarpio, Semente, Receptaculo.";"7";"Estames";"estame";"SpaceAfter=No";"Estames";"1"
"31267";"DiccionariodeVandelli.txt";4250;"Consta de Calix, Corolla, Estames, Pistillo, Pericarpio, Semente, Receptaculo.";"9";"Pistillo";"pistilo";"SpaceAfter=No";"Pistilo";"1"
"31273";"DiccionariodeVandelli.txt";4250;"Consta de Calix, Corolla, Estames, Pistillo, Pericarpio, Semente, Receptaculo.";"15";"Receptaculo";"receptáculo";"SpaceAfter=No";"Receptáculo";"1"
"31309";"DiccionariodeVandelli.txt";4253;"A essencia da frutificaçaõ consiste na flor, e fruto.";"5";"frutificaçaõ";"frutificação";NA;"frutificação";"1"
"31329";"DiccionariodeVandelli.txt";4254;"A essencia dos vegetaes consiste na frutificaçaõ.";"9";"frutificaçaõ";"frutificação";"SpaceAfter=No";"frutificação";"1"
"31332";"DiccionariodeVandelli.txt";4255;"A frutificaçaõ inclue-se na <i>Anthera</i>, <i>Estigma</i>, e <i>Semente</i>.";"2";"frutificaçaõ";"frutificação";NA;"frutificação";"1"
"31410";"DiccionariodeVandelli.txt";4270;"Sem pedunculo.";"2";"pedunculo";"pedúnculo";"SpaceAfter=No";"pedúnculo";"1"
"31561";"DiccionariodeVandelli.txt";4296;"He formada de muitas flores quasi sesseis, ou quasi sem pedunculos: he huma coroa, que cerca o caule á maneira de anel.";"12";"pedunculos";"pedúnculo";"SpaceAfter=No";"pedúnculos";"1"
"31587";"DiccionariodeVandelli.txt";4298;"Sendo as pequenas flores sem pedunculos visiveis.";"6";"pedunculos";"pedúnculo";NA;"pedúnculos";"1"
"31599";"DiccionariodeVandelli.txt";4301;"Tendo as flores pedunculos.";"4";"pedunculos";"pedúnculo";"SpaceAfter=No";"pedúnculos";"1"
"31610";"DiccionariodeVandelli.txt";4303;"Sem involucros: ou bracteas.";"5";"bracteas";"bráctea";"SpaceAfter=No";"brácteas";"1"
"31617";"DiccionariodeVandelli.txt";4306;"Com bracteas.";"2";"bracteas";"bráctea";"SpaceAfter=No";"brácteas";"1"
"31652";"DiccionariodeVandelli.txt";4312;"Formado de muitas pequenas flore espessas, e muito unidas, ou com pedunculos muito visinhos.";"14";"pedunculos";"pedúnculo";NA;"pedúnculos";"1"
"31661";"DiccionariodeVandelli.txt";4314;"Com os pedunculos distantes.";"3";"pedunculos";"pedúnculo";NA;"pedúnculos";"1"
"31787";"DiccionariodeVandelli.txt";4335;"He formada de flores Sessiles, ou sem pedunculo commum simples.";"9";"pedunculo";"pedúnculo";NA;"pedúnculo";"1"
"31855";"DiccionariodeVandelli.txt";4344;"Flores solitarias estaõ pegadas em hum, e mesmo pedunculo, e assim a espiga naõ está dividida.";"10";"pedunculo";"pedúnculo";"SpaceAfter=No";"pedúnculo";"1"
"31879";"DiccionariodeVandelli.txt";4346;"Formada de muitas espigas pequenas pegadas por meio de hum pequeno pedunculo";"12";"pedunculo";"pedúnculo";"SpacesAfter=\n";"pedúnculo";"1"
"31887";"DiccionariodeVandelli.txt";4348;"ao pedunculo commum, que está dividido em varias partes.";"3";"pedunculo";"pedúnculo";NA;"pedúnculo";"1"
"32075";"DiccionariodeVandelli.txt";4373;"— Foliacea.";"2";"Foliacea";"foliáceo";"SpaceAfter=No";"Foliácea";"1"
"32120";"DiccionariodeVandelli.txt";4380;"Faz-se da espiga, quando cada huma das flores tem pedunculos proprios compridos, mas elevados com proporçaõ fazendo a figura de maça.";"14";"pedunculos";"pedúnculo";NA;"pedúnculos";"1"
"32145";"DiccionariodeVandelli.txt";4384;"Os pedunculos são inteiros, sem divisaõ.";"2";"pedunculos";"pedúnculo";NA;"pedúnculos";"1"
"32157";"DiccionariodeVandelli.txt";4386;"Os primeiros pedunculos estão";"3";"pedunculos";"pedúnculo";NA;"pedúnculos";"1"
"32219";"DiccionariodeVandelli.txt";4400;"Cacho, he formado de hum pedunculo, que tem ramos lateraes pequenos.";"7";"pedunculo";"pedúnculo";"SpaceAfter=No";"pedúnculo";"1"
"32242";"DiccionariodeVandelli.txt";4403;"Com o pedunculo, e os ramos, que naõ estaõ divididos.";"3";"pedunculo";"pedúnculo";"SpaceAfter=No";"pedúnculo";"1"
"32258";"DiccionariodeVandelli.txt";4405;"Com o pedunculo, e os ramos divididos em muitas partes.";"3";"pedunculo";"pedúnculo";"SpaceAfter=No";"pedúnculo";"1"
"32282";"DiccionariodeVandelli.txt";4409;"Com os pequenos pedunculos, ou com as flores pegadas sómente em hum lado";"4";"pedunculos";"pedúnculo";"SpaceAfter=No";"pedúnculos";"1"
"32303";"DiccionariodeVandelli.txt";4411;"Os pesinhos, pedicelli, ou pequenos pedunculos revirados todos para hum lado.";"8";"pedunculos";"pedúnculo";NA;"pedúnculos";"1"
"32313";"DiccionariodeVandelli.txt";4413;"Pedunculo commum sustenta racemos pequenos como o folium pedatum.";"1";"Pedunculo";"pedúnculo";NA;"Pedúnculo";"1"
"32391";"DiccionariodeVandelli.txt";4430;"As flores espalhadas em pedunculos divididos em varias partes.";"5";"pedunculos";"pedúnculo";NA;"pedúnculos";"1"
"32422";"DiccionariodeVandelli.txt";4433;"Os pedicellos ou pequenos ramos do pedunculo se afastaõ muito entre si.";"8";"pedunculo";"pedúnculo";NA;"pedúnculo";"1"
"32449";"DiccionariodeVandelli.txt";4438;"Frutificaçaõ.";"1";"Frutificaçaõ";"frutificação";"SpaceAfter=No";"Frutificação";"1"
"32546";"DiccionariodeVandelli.txt";4447;"He huma fructificaçaõ chata, ordinariamente pegada na margem da folha.";"3";"fructificaçaõ";"frutificação";NA;"frutificação";"1"
"32564";"DiccionariodeVandelli.txt";4449;"He huma fructificaçaõ formada de pontos asperos, e estes quasi formados de pós.";"3";"fructificaçaõ";"frutificação";NA;"frutificação";"1"
"32583";"DiccionariodeVandelli.txt";4452;"He a fructificaçaõ com articulaçoens, concava, e com a margem elevada.";"3";"fructificaçaõ";"frutificação";NA;"frutificação";"1"
"32598";"DiccionariodeVandelli.txt";4454;"A fructificaçaõ differe em cada huma das suas partes pelo numero, pela figura, proporçaõ, e situaçaõ.";"2";"fructificaçaõ";"frutificação";NA;"frutificação";"1"
"32657";"DiccionariodeVandelli.txt";4457;"He a semente das uvas, ou o gomo do fruto do Sabugueiro &c.";"10";"gomo";"gomo";NA;"gomo";"1"
"32671";"DiccionariodeVandelli.txt";4459;"Constando a fructificaçaõ de poucas flores, e esta desunidas.";"3";"fructificaçaõ";"frutificação";NA;"frutificação";"1"
"32707";"DiccionariodeVandelli.txt";4463;"base, ou receptaculo, Syngenesia.";"4";"receptaculo";"receptáculo";"SpaceAfter=No";"receptáculo";"1"
"32719";"DiccionariodeVandelli.txt";4465;"As partes da fructificaçaõ saõ sete.";"5";"fructificaçaõ";"frutificação";NA;"frutificação";"1"
"32776";"DiccionariodeVandelli.txt";4469;"He a casca da planta, que se apresenta na fructificaçaõ, ou he a externa membrana da flor, de côr quasi sempre verde, que cerca juntamente a corolla, o estame, e o pistilo.";"13";"fructificaçaõ";"frutificação";"SpaceAfter=No";"frutificação";"1"
"32801";"DiccionariodeVandelli.txt";4469;"He a casca da planta, que se apresenta na fructificaçaõ, ou he a externa membrana da flor, de côr quasi sempre verde, que cerca juntamente a corolla, o estame, e o pistilo.";"37";"estame";"estame";"SpaceAfter=No";"estame";"1"
"32805";"DiccionariodeVandelli.txt";4469;"He a casca da planta, que se apresenta na fructificaçaõ, ou he a externa membrana da flor, de côr quasi sempre verde, que cerca juntamente a corolla, o estame, e o pistilo.";"41";"pistilo";"pistilo";"SpaceAfter=No";"pistilo";"1"
"32808";"DiccionariodeVandelli.txt";4470;"O caliz pela duraçaõ he.";"2";"caliz";"cálice";NA;"cálice";"1"
"32867";"DiccionariodeVandelli.txt";4482;"Quando saõ dous calices.";"4";"calices";"cálice";"SpaceAfter=No";"cálices";"1"
"32925";"DiccionariodeVandelli.txt";4496;"Algumas vezes se considera a bractea como periancio, como no Helleboro, Nigella hepatica.";"6";"bractea";"bráctea";NA;"bráctea";"1"
"32945";"DiccionariodeVandelli.txt";4498;"Incluindo estames, e germen.";"2";"estames";"estame";"SpaceAfter=No";"estames";"1"
"32957";"DiccionariodeVandelli.txt";4500;"Contendo somente estames. (127) .";"3";"estames";"estame";"SpaceAfter=No";"estames";"1"
"32982";"DiccionariodeVandelli.txt";4504;"O periancio differe da bractea, porque aquelle apodrece em o fruto sendo maduro, se naõ he dantes, o que naõ succede ás bracteas, ou folhas floraes.";"6";"bractea";"bráctea";"SpaceAfter=No";"bráctea";"1"
"33005";"DiccionariodeVandelli.txt";4504;"O periancio differe da bractea, porque aquelle apodrece em o fruto sendo maduro, se naõ he dantes, o que naõ succede ás bracteas, ou folhas floraes.";"28";"bracteas";"bráctea";"SpaceAfter=No";"brácteas";"1"
"33095";"DiccionariodeVandelli.txt";4515;"E assim se diz bi, tri, tetra, penta, bexaphyllum conforme o numero, isto he dividindo estas partes até á base do mesmo caliz.";"29";"caliz";"cálice";"SpaceAfter=No";"cálice";"1"
"33104";"DiccionariodeVandelli.txt";4517;"Incisoens do caliz, que chegaõ á base do mesmo, em excedendo, o numero de doze.";"4";"caliz";"cálice";"SpaceAfter=No";"cálice";"1"
"33222";"DiccionariodeVandelli.txt";4524;"He monophyllo, dividido como o fissum, mas as incisoens passaõ do meio, e muitas veses chegaõ até á base; porem as lacinias estaõ juntas na base, formando hum só corpo.";"27";"lacinias";"lacínia";NA;"lacínias";"1"
"33270";"DiccionariodeVandelli.txt";4529;"As incisoens do caliz saõ muito breves, de maneira que representaõ dentes Hypericum.";"5";"caliz";"cálice";NA;"cálice";"1"
"33321";"DiccionariodeVandelli.txt";4538;"Sendo o limbo do mesmo caliz, ou suas lacinias mais amplas, ou as lacinias, e divisoens, saõ divergentes.";"7";"caliz";"cálice";"SpaceAfter=No";"cálice";"1"
"33325";"DiccionariodeVandelli.txt";4538;"Sendo o limbo do mesmo caliz, ou suas lacinias mais amplas, ou as lacinias, e divisoens, saõ divergentes.";"11";"lacinias";"lacínia";NA;"lacínias";"1"
"33331";"DiccionariodeVandelli.txt";4538;"Sendo o limbo do mesmo caliz, ou suas lacinias mais amplas, ou as lacinias, e divisoens, saõ divergentes.";"17";"lacinias";"lacínia";"SpaceAfter=No";"lacínias";"1"
"33347";"DiccionariodeVandelli.txt";4540;"Com o limbo, ou lacinias voltadas ou viradas para traz.";"6";"lacinias";"lacínia";NA;"lacínias";"1"
"33361";"DiccionariodeVandelli.txt";4543;"Caliz concavo á maneira de huma bexiga inchada.";"1";"Caliz";"cálice";NA;"Cálice";"1"
"33557";"DiccionariodeVandelli.txt";4582;"Existindo o germe, ou o principio da frutificaçaõ abaixo do receptaculo.";"10";"frutificaçaõ";"frutificação";NA;"frutificação";"1"
"33562";"DiccionariodeVandelli.txt";4582;"Existindo o germe, ou o principio da frutificaçaõ abaixo do receptaculo.";"14";"receptaculo";"receptáculo";"SpaceAfter=No";"receptáculo";"1"
"33576";"DiccionariodeVandelli.txt";4584;"Quando o germe se acha acima do receptaculo.";"9";"receptaculo";"receptáculo";"SpaceAfter=No";"receptáculo";"1"
"33611";"DiccionariodeVandelli.txt";4589;"Sendo o caliz cuberto de outras tantas pequenas folhas á maneira de escamas.";"3";"caliz";"cálice";NA;"cálice";"1"
"33659";"DiccionariodeVandelli.txt";4597;"As escamas, ou pequenas folhas do caliz se sobrepõem humas por cima das outras.";"9";"caliz";"cálice";NA;"cálice";"1"
"33693";"DiccionariodeVandelli.txt";4601;"Estas escamas se afastaõ do caliz pelo seo apice, ficando assim horizontaes, virando o mesmo apice para a parte inferior.";"7";"caliz";"cálice";NA;"cálice";"1"
"33730";"DiccionariodeVandelli.txt";4605;"As escamas na sua margem saõ membranaceas, seccas, e sonoras.";"8";"membranaceas";"membranáceo";"SpaceAfter=No";"membranáceas";"1"
"33765";"DiccionariodeVandelli.txt";4607;"Sendo de figura conica inversa, ou quando a sua base representa o apice de huma piramide conica, e a summidade do caliz representa a base.";"25";"caliz";"cálice";NA;"cálice";"1"
"33791";"DiccionariodeVandelli.txt";4609;"Tendo huma ordem distincta de pequenas folhas, que cingem a base do caliz.";"15";"caliz";"cálice";"SpaceAfter=No";"cálice";"1"
"33811";"DiccionariodeVandelli.txt";4612;"He de advertir, que nas plantas que naõ tem caliz, he a corolla mais grossa afim de suprir este defeito para sustentar a frutificaçaõ.";"12";"caliz";"cálice";"SpaceAfter=No";"cálice";"1"
"33826";"DiccionariodeVandelli.txt";4612;"He de advertir, que nas plantas que naõ tem caliz, he a corolla mais grossa afim de suprir este defeito para sustentar a frutificaçaõ.";"27";"frutificaçaõ";"frutificação";"SpaceAfter=No";"frutificação";"1"
"33839";"DiccionariodeVandelli.txt";4616;"Differe do caliz periancio por se achar afastado da flor: he proprio das plantas umbelliferas, e falta nellas muitas vezes.";"4";"caliz";"cálice";NA;"cálice";"1"
"33942";"DiccionariodeVandelli.txt";4629;"Caliz particular de cada flor, ou que está em cada huma das umbellas parciaes.";"1";"Caliz";"cálice";NA;"Cálice";"1"
"34026";"DiccionariodeVandelli.txt";4650;"Caliz proprio das gramas: elle, he formado de pequenas folhas concavas, que se unem.";"1";"Caliz";"cálice";NA;"Cálice";"1"
"34116";"DiccionariodeVandelli.txt";4656;"Que contem huma só flor, e esta, ou he perfeita com estames, e pistillo, ou sòmente tem estames, ou tem pistillo.";"14";"estames";"estame";"SpaceAfter=No";"estames";"1"
"34119";"DiccionariodeVandelli.txt";4656;"Que contem huma só flor, e esta, ou he perfeita com estames, e pistillo, ou sòmente tem estames, ou tem pistillo.";"17";"pistillo";"pistilo";"SpaceAfter=No";"pistilo";"1"
"34124";"DiccionariodeVandelli.txt";4656;"Que contem huma só flor, e esta, ou he perfeita com estames, e pistillo, ou sòmente tem estames, ou tem pistillo.";"22";"estames";"estame";"SpaceAfter=No";"estames";"1"
"34139";"DiccionariodeVandelli.txt";4659;"Contendo dous flosculos.";"3";"flosculos";"flósculo";"SpaceAfter=No";"flósculos";"1"
"34149";"DiccionariodeVandelli.txt";4661;"Tendo mais, que dous flosculos.";"6";"flosculos";"flósculo";"SpaceAfter=No";"flósculos";"1"
"34403";"DiccionariodeVandelli.txt";4700;"He hum caliz produzido do receptaculo commum, filiforme, paleaceo, gemmaceo, ou com gomos.";"3";"caliz";"cálice";NA;"cálice";"1"
"34408";"DiccionariodeVandelli.txt";4700;"He hum caliz produzido do receptaculo commum, filiforme, paleaceo, gemmaceo, ou com gomos.";"7";"receptaculo";"receptáculo";NA;"receptáculo";"1"
"34419";"DiccionariodeVandelli.txt";4700;"He hum caliz produzido do receptaculo commum, filiforme, paleaceo, gemmaceo, ou com gomos.";"18";"gomos";"gomo";"SpaceAfter=No";"gomos";"1"
"34428";"DiccionariodeVandelli.txt";4703;"Quando os flosculos estaõ guarnecidos de escamas.";"3";"flosculos";"flósculo";NA;"flósculos";"1"
"34475";"DiccionariodeVandelli.txt";4712;"Estando a corolla pegada ao caliz com pequeno pedunculo.";"7";"caliz";"cálice";NA;"cálice";"1"
"34478";"DiccionariodeVandelli.txt";4712;"Estando a corolla pegada ao caliz com pequeno pedunculo.";"10";"pedunculo";"pedúnculo";"SpaceAfter=No";"pedúnculo";"1"
"34484";"DiccionariodeVandelli.txt";4714;"He o receptaculo siliforme nos amentos.";"3";"receptaculo";"receptáculo";NA;"receptáculo";"1"
"34507";"DiccionariodeVandelli.txt";4719;"Nos Liliaceos, he o caliz do Spadix. (164) aberto, ou quebrado pelo seu comprimento, ou huma bainha fendida, ou aberta, longitudinalmente, membranacea, rugosa, e quasi sempre secca.";"7";"caliz";"cálice";NA;"cálice";"1"
"34535";"DiccionariodeVandelli.txt";4719;"Nos Liliaceos, he o caliz do Spadix. (164) aberto, ou quebrado pelo seu comprimento, ou huma bainha fendida, ou aberta, longitudinalmente, membranacea, rugosa, e quasi sempre secca.";"33";"membranacea";"membranáceo";"SpaceAfter=No";"membranácea";"1"
"34599";"DiccionariodeVandelli.txt";4730;"Huma bainha dividida quasi até á base em duas lacinias, ou em duas partes.";"10";"lacinias";"lacínia";"SpaceAfter=No";"lacínias";"1"
"34677";"DiccionariodeVandelli.txt";4745;"Caliz proprio dos musgos, que vem a ser hum pequeno operculo, ou tampa, que cobre a anthera.";"1";"Caliz";"cálice";NA;"Cálice";"1"
"34698";"DiccionariodeVandelli.txt";4745;"Caliz proprio dos musgos, que vem a ser hum pequeno operculo, ou tampa, que cobre a anthera.";"21";"anthera";"antera";"SpaceAfter=No";"antera";"1"
"34708";"DiccionariodeVandelli.txt";4748;"Sendo este caliz calyptra perpendicular.";"3";"caliz";"cálice";NA;"cálice";"1"
"34717";"DiccionariodeVandelli.txt";4750;"Sendo este caliz calyptra posto obliquamente, ou virado para algum lado.";"3";"caliz";"cálice";NA;"cálice";"1"
"34741";"DiccionariodeVandelli.txt";4754;"Chama-se impropriamente caliz: elle he huma membrana (para assim me explicar) que une a periferia do pileo (vid. infr.) dos cucumellos antes da expançaõ, depois da qual se dilacera perdendo a semilhança do caliz.";"4";"caliz";"cálice";"SpaceAfter=No";"cálice";"1"
"34788";"DiccionariodeVandelli.txt";4754;"Chama-se impropriamente caliz: elle he huma membrana (para assim me explicar) que une a periferia do pileo (vid. infr.) dos cucumellos antes da expançaõ, depois da qual se dilacera perdendo a semilhança do caliz.";"46";"caliz";"cálice";"SpaceAfter=No";"cálice";"1"
"34880";"DiccionariodeVandelli.txt";4764;"He o libro da planta, que se acha extendido na flor, ou he huma membrana interna da flor, ou huma folha, ou pequenas folhas, de substancia mais tenra, sempre linda, e differente da cór do caliz.";"48";"caliz";"cálice";"SpaceAfter=No";"cálice";"1"
"34903";"DiccionariodeVandelli.txt";4765;"A corolla se distingue do Periancio, porque a quella, pela situaçaõ, alterna com os estames, e este está opposto aos mesmos.";"20";"estames";"estame";"SpaceAfter=No";"estames";"1"
"35157";"DiccionariodeVandelli.txt";4794;"He a parte inferior do petalo, que se pega ao receptaculo, ou á base da flor, que consta de muitos petalos.";"14";"receptaculo";"receptáculo";"SpaceAfter=No";"receptáculo";"1"
"35224";"DiccionariodeVandelli.txt";4799;"Lacinia.";"1";"Lacinia";"lacínia";"SpaceAfter=No";"Lacínia";"1"
"35440";"DiccionariodeVandelli.txt";4836;"— Bifida.";"2";"Bifida";"bífido";"SpaceAfter=No";"Bífida";"1"
"35505";"DiccionariodeVandelli.txt";4843;"Nas flores agregadas como Globularia, Scabiosa, &c. que constaõ de muitos flosculos postos em hum caliz commum.";"15";"flosculos";"flósculo";NA;"flósculos";"1"
"35509";"DiccionariodeVandelli.txt";4843;"Nas flores agregadas como Globularia, Scabiosa, &c. que constaõ de muitos flosculos postos em hum caliz commum.";"19";"caliz";"cálice";NA;"cálice";"1"
"35548";"DiccionariodeVandelli.txt";4851;"igualdade, quando o limbo, ou lacinias na corolla monopetala, e as laminas na corolla polipetala saõ iguaes no tamanho, e na figura.";"8";"lacinias";"lacínia";NA;"lacínias";"1"
"35833";"DiccionariodeVandelli.txt";4900;"fora do caliz, como de huma tuberculo.";"4";"caliz";"cálice";"SpaceAfter=No";"cálice";"1"
"35958";"DiccionariodeVandelli.txt";4914;"He a abertura do tubo da corolla, onde o tubo acaba entre as lacinias, os beiços da corolla; cujo tubo, ou he apertus abertos, ou nudus nú, clausus fechado, coronatus coroado com pellos, &c. ou téctus cuberto.";"17";"lacinias";"lacínia";"SpaceAfter=No";"lacínias";"1"
"36090";"DiccionariodeVandelli.txt";4926;"Corolla cylindrica, que está dilatada para a parte superior, ou á maneira de hum copo de caliz.";"19";"caliz";"cálice";"SpaceAfter=No";"cálice";"1"
"36103";"DiccionariodeVandelli.txt";4928;"Quando os lobos, ou abas, ou lacinias do limbo se avisinhaõ entre si com as suas extremidades.";"9";"lacinias";"lacínia";NA;"lacínias";"1"
"36345";"DiccionariodeVandelli.txt";4959;"He o petalo superior quasi sempre dividido em duas partes na base, ou na unha, que inclue os estames, e o pistillo.";"23";"estames";"estame";"SpaceAfter=No";"estames";"1"
"36349";"DiccionariodeVandelli.txt";4959;"He o petalo superior quasi sempre dividido em duas partes na base, ou na unha, que inclue os estames, e o pistillo.";"27";"pistillo";"pistilo";"SpaceAfter=No";"pistilo";"1"
"36444";"DiccionariodeVandelli.txt";4973;"Chama-se corolla composta, quando estaõ muitas pequenas flores em huma base, ou receptaculo commum, ou em hum caliz commum.";"16";"receptaculo";"receptáculo";NA;"receptáculo";"1"
"36450";"DiccionariodeVandelli.txt";4973;"Chama-se corolla composta, quando estaõ muitas pequenas flores em huma base, ou receptaculo commum, ou em hum caliz commum.";"22";"caliz";"cálice";NA;"cálice";"1"
"36465";"DiccionariodeVandelli.txt";4974;"(111), e tambem ao mesmo tempo as antheras de cada flor estaõ unidas entre si formando hum cylindro.";"12";"antheras";"antera";NA;"anteras";"1"
"36495";"DiccionariodeVandelli.txt";4976;"Quando o limbo das pequenas corollas dos flosculos na parte exterior está extendido, e he mais comprido, formando huma pequena correa.";"10";"flosculos";"flósculo";NA;"flósculos";"1"
"36548";"DiccionariodeVandelli.txt";4980;"As pequenas corollas do disco da flor commua, ou que estaõ no meio, saõ tubulosas, e as corollas, que estaõ na circunferencia saõ liguladas; e assim Tournefort chama a estas flores flores radiati.";"6";"disco";"disco";NA;"disco";"1"
"36615";"DiccionariodeVandelli.txt";4987;"Quando os flosculos da circunferencia estaõ quasi sem corolla.";"3";"flosculos";"flósculo";NA;"flósculos";"1"
"36661";"DiccionariodeVandelli.txt";4995;"Estando o limbo, ou lacinias della reviradas para baixo, e retorcidas com os apices para cima.";"6";"lacinias";"lacínia";NA;"lacínias";"1"
"36822";"DiccionariodeVandelli.txt";5035;"Quando falta a corolla pelo ordinario o periancio, ou caliz he corado com outra côr, que naõ he a côr verde da planta; e isso principalmente no tempo da florescencia.";"12";"caliz";"cálice";NA;"cálice";"1"
"36860";"DiccionariodeVandelli.txt";5039;"Quando o caliz, e a corolla tem menos côr, entaõ muitas vezes as folhas tem outra côr alem da verde.";"3";"caliz";"cálice";"SpaceAfter=No";"cálice";"1"
"36895";"DiccionariodeVandelli.txt";5044;"Faltando o caliz, ou outra parte necessaria á frutificaçaõ.";"3";"caliz";"cálice";"SpaceAfter=No";"cálice";"1"
"36902";"DiccionariodeVandelli.txt";5044;"Faltando o caliz, ou outra parte necessaria á frutificaçaõ.";"10";"frutificaçaõ";"frutificação";"SpaceAfter=No";"frutificação";"1"
"36919";"DiccionariodeVandelli.txt";5048;"Naõ existindo caliz.";"3";"caliz";"cálice";"SpaceAfter=No";"cálice";"1"
"36930";"DiccionariodeVandelli.txt";5050;"Quando em lugar do caliz periancio ha alguma bractea, ou folha floral.";"6";"caliz";"cálice";NA;"cálice";"1"
"36934";"DiccionariodeVandelli.txt";5050;"Quando em lugar do caliz periancio ha alguma bractea, ou folha floral.";"10";"bractea";"bráctea";"SpaceAfter=No";"bráctea";"1"
"36959";"DiccionariodeVandelli.txt";5054;"A flor naõ tem raios; mas com tudo existem flosculos parciaes.";"11";"flosculos";"flósculo";NA;"flósculos";"1"
"36972";"DiccionariodeVandelli.txt";5056;"Chama-se a flor, cujo caliz, he de figura oval, formando hum collo, donde sahem os flosculos.";"7";"caliz";"cálice";"SpaceAfter=No";"cálice";"1"
"36986";"DiccionariodeVandelli.txt";5056;"Chama-se a flor, cujo caliz, he de figura oval, formando hum collo, donde sahem os flosculos.";"21";"flosculos";"flósculo";"SpaceAfter=No";"flósculos";"1"
"37092";"DiccionariodeVandelli.txt";5076;"Como hum esporaõ, ou feito á maneira de ponta no caliz; Tropaeoli, Parnassiae.";"13";"caliz";"cálice";"SpaceAfter=No";"cálice";"1"
"37118";"DiccionariodeVandelli.txt";5078;"Que naõ existe nos petalos; mas separado, e está pegado ao caliz, ou receptaculo commum, ou ao germe.";"16";"caliz";"cálice";"SpaceAfter=No";"cálice";"1"
"37121";"DiccionariodeVandelli.txt";5078;"Que naõ existe nos petalos; mas separado, e está pegado ao caliz, ou receptaculo commum, ou ao germe.";"19";"receptaculo";"receptáculo";NA;"receptáculo";"1"
"37143";"DiccionariodeVandelli.txt";5081;"Na base do caliz monophillo.";"6";"caliz";"cálice";NA;"cálice";"1"
"37253";"DiccionariodeVandelli.txt";5094;"Os estames saõ aquelles fios, ou filamentos, que estaõ ao redor do germe, e que nos seus apices tem pollen, ou pó, que fecunda o germe.";"2";"estames";"estame";NA;"estames";"1"
"37259";"DiccionariodeVandelli.txt";5094;"Os estames saõ aquelles fios, ou filamentos, que estaõ ao redor do germe, e que nos seus apices tem pollen, ou pó, que fecunda o germe.";"8";"filamentos";"filamento";"SpaceAfter=No";"filamentos";"1"
"37296";"DiccionariodeVandelli.txt";5096;"Saõ filamentum, anthera, pollen; este he o instumento masculino.";"4";"anthera";"antera";"SpaceAfter=No";"antera";"1"
"37326";"DiccionariodeVandelli.txt";5099;"d. He a parte, que sustenta, une a anthera (131), ou he o pè da anthera, pelo qual esta se une á planta; ás vezes faltaõ totalmente os filamentos, ou saõ taõ pequenos, que apenas apparecem, e entaõ contaõ-se as antheras.";"11";"anthera";"antera";NA;"antera";"1"
"37338";"DiccionariodeVandelli.txt";5099;"d. He a parte, que sustenta, une a anthera (131), ou he o pè da anthera, pelo qual esta se une á planta; ás vezes faltaõ totalmente os filamentos, ou saõ taõ pequenos, que apenas apparecem, e entaõ contaõ-se as antheras.";"22";"anthera";"antera";"SpaceAfter=No";"antera";"1"
"37355";"DiccionariodeVandelli.txt";5099;"d. He a parte, que sustenta, une a anthera (131), ou he o pè da anthera, pelo qual esta se une á planta; ás vezes faltaõ totalmente os filamentos, ou saõ taõ pequenos, que apenas apparecem, e entaõ contaõ-se as antheras.";"38";"filamentos";"filamento";"SpaceAfter=No";"filamentos";"1"
"37372";"DiccionariodeVandelli.txt";5099;"d. He a parte, que sustenta, une a anthera (131), ou he o pè da anthera, pelo qual esta se une á planta; ás vezes faltaõ totalmente os filamentos, ou saõ taõ pequenos, que apenas apparecem, e entaõ contaõ-se as antheras.";"54";"antheras";"antera";"SpaceAfter=No";"anteras";"1"
"37375";"DiccionariodeVandelli.txt";5100;"Os filamentos differem pelo numero, pela figura, proporçaõ, e situaçaõ.";"2";"filamentos";"filamento";NA;"filamentos";"1"
"37393";"DiccionariodeVandelli.txt";5101;"As antheras differem.";"2";"antheras";"antera";NA;"anteras";"1"
"37439";"DiccionariodeVandelli.txt";5104;"ções, ou divisoens, pela falta dellas, pela figura, pelo modo de se abrir, pela uniaõ com os filamentos, ou entre si, e pela situaçaõ.";"27";"filamentos";"filamento";"SpaceAfter=No";"filamentos";"1"
"37458";"DiccionariodeVandelli.txt";5105;"Pelo numero dos estames, ou filamentos.";"6";"estames";"estame";"SpaceAfter=No";"estames";"1"
"37461";"DiccionariodeVandelli.txt";5105;"Pelo numero dos estames, ou filamentos.";"9";"filamentos";"filamento";"SpaceAfter=No";"filamentos";"1"
"37506";"DiccionariodeVandelli.txt";5110;"Pentandria cinco. &c. ou monostemonis, distemonis; ou por alguns Botanicos, significa o mesmo, que monanthera, dianthera com huma, com duas antheras.";"28";"antheras";"antera";"SpaceAfter=No";"anteras";"1"
"37516";"DiccionariodeVandelli.txt";5112;"Tendo o filamento hum apendis, ou lacinia.";"3";"filamento";"filamento";NA;"filamento";"1"
"37521";"DiccionariodeVandelli.txt";5112;"Tendo o filamento hum apendis, ou lacinia.";"8";"lacinia";"lacínia";"SpaceAfter=No";"lacínia";"1"
"37535";"DiccionariodeVandelli.txt";5116;"Os filamentos.";"2";"filamentos";"filamento";"SpaceAfter=No";"filamentos";"1"
"37661";"DiccionariodeVandelli.txt";5144;"Pela inserçaõ, ou lugar onde os filamentos estaõ pegados.";"9";"filamentos";"filamento";NA;"filamentos";"1"
"37677";"DiccionariodeVandelli.txt";5146;"Oppostos, ou postos de fronte de cada lacinia do caliz.";"9";"lacinia";"lacínia";NA;"lacínia";"1"
"37681";"DiccionariodeVandelli.txt";5146;"Oppostos, ou postos de fronte de cada lacinia do caliz.";"12";"caliz";"cálice";"SpaceAfter=No";"cálice";"1"
"37692";"DiccionariodeVandelli.txt";5149;"Postos entre as lacinias do caliz.";"4";"lacinias";"lacínia";NA;"lacínias";"1"
"37696";"DiccionariodeVandelli.txt";5149;"Postos entre as lacinias do caliz.";"7";"caliz";"cálice";"SpaceAfter=No";"cálice";"1"
"37708";"DiccionariodeVandelli.txt";5151;"Em muitas corollas monopetalas estaõ os estames, ou filamentos pegados á corolla;";"7";"estames";"estame";"SpaceAfter=No";"estames";"1"
"37711";"DiccionariodeVandelli.txt";5151;"Em muitas corollas monopetalas estaõ os estames, ou filamentos pegados á corolla;";"10";"filamentos";"filamento";NA;"filamentos";"1"
"37744";"DiccionariodeVandelli.txt";5156;"Pegados na parte interior do caliz, raras vezes se observa isto nas flores sem corolla.";"8";"caliz";"cálice";"SpaceAfter=No";"cálice";"1"
"37775";"DiccionariodeVandelli.txt";5159;"Pegados ao pistillo.";"4";"pistillo";"pistilo";"SpaceAfter=No";"pistilo";"1"
"37791";"DiccionariodeVandelli.txt";5162;"Quando os estames estaõ pegados na base da flor, ou do receptaculo, onde estaõ tambem pegados o caliz, e a corolla; isto he o mais commum.";"3";"estames";"estame";NA;"estames";"1"
"37807";"DiccionariodeVandelli.txt";5162;"Quando os estames estaõ pegados na base da flor, ou do receptaculo, onde estaõ tambem pegados o caliz, e a corolla; isto he o mais commum.";"16";"receptaculo";"receptáculo";"SpaceAfter=No";"receptáculo";"1"
"37814";"DiccionariodeVandelli.txt";5162;"Quando os estames estaõ pegados na base da flor, ou do receptaculo, onde estaõ tambem pegados o caliz, e a corolla; isto he o mais commum.";"23";"caliz";"cálice";"SpaceAfter=No";"cálice";"1"
"37905";"DiccionariodeVandelli.txt";5178;"Muito breves respectivamente á corolla, ou ao caliz nos apetalos.";"10";"caliz";"cálice";NA;"cálice";"1"
"37953";"DiccionariodeVandelli.txt";5185;"Se os estames faltaõ totalmente; ou somente as antheras necessarias para a frutificaçaõ.";"3";"estames";"estame";NA;"estames";"1"
"37960";"DiccionariodeVandelli.txt";5185;"Se os estames faltaõ totalmente; ou somente as antheras necessarias para a frutificaçaõ.";"10";"antheras";"antera";NA;"anteras";"1"
"37964";"DiccionariodeVandelli.txt";5185;"Se os estames faltaõ totalmente; ou somente as antheras necessarias para a frutificaçaõ.";"14";"frutificaçaõ";"frutificação";"SpaceAfter=No";"frutificação";"1"
"37968";"DiccionariodeVandelli.txt";5187;"Anthera, seu apices, seu Capitula, seu testicula.";"1";"Anthera";"antera";"SpaceAfter=No";"Antera";"1"
"38018";"DiccionariodeVandelli.txt";5192;"He a parte da flor prenhe do pollen, ou esperma (132), que vem lançando fora, quando a anthera está madura.";"25";"anthera";"antera";NA;"antera";"1"
"38031";"DiccionariodeVandelli.txt";5193;"Nos musgos o seu capitulo he a anthera.";"9";"anthera";"antera";"SpaceAfter=No";"antera";"1"
"38067";"DiccionariodeVandelli.txt";5196;"He hum segmento de esfera mais, ou menos grande, estendido horizontalmente, debaixo do qual suppoem alguns Botanicos, que existe a sua frutificaçaõ; quando outros consideraõ os cucumelos como pertencentes ao reyno animal.";"27";"frutificaçaõ";"frutificação";"SpaceAfter=No";"frutificação";"1"
"38106";"DiccionariodeVandelli.txt";5202;"Menos, que os filamentos.";"5";"filamentos";"filamento";"SpaceAfter=No";"filamentos";"1"
"38114";"DiccionariodeVandelli.txt";5204;"Varias antheras estaõ unidas fortemente entre si; ou quando formaõ hum só corpo, como na classe Syngenesia.";"2";"antheras";"antera";NA;"anteras";"1"
"38139";"DiccionariodeVandelli.txt";5206;"A anthera pegada pelo seu lado ao filamento.";"2";"anthera";"antera";NA;"antera";"1"
"38149";"DiccionariodeVandelli.txt";5206;"A anthera pegada pelo seu lado ao filamento.";"10";"filamento";"filamento";"SpaceAfter=No";"filamento";"1"
"38165";"DiccionariodeVandelli.txt";5210;"A ponta do filamento se pega no meio do lado da anthera.";"5";"filamento";"filamento";NA;"filamento";"1"
"38179";"DiccionariodeVandelli.txt";5210;"A ponta do filamento se pega no meio do lado da anthera.";"16";"anthera";"antera";"SpaceAfter=No";"antera";"1"
"38185";"DiccionariodeVandelli.txt";5212;"Anthera unica.";"1";"Anthera";"antera";NA;"Antera";"1"
"38193";"DiccionariodeVandelli.txt";5213;"Huma só em cada hum filamento, na maior parte das flores; huma em tres filamentos.";"6";"filamento";"filamento";"SpaceAfter=No";"filamento";"1"
"38208";"DiccionariodeVandelli.txt";5213;"Huma só em cada hum filamento, na maior parte das flores; huma em tres filamentos.";"19";"filamentos";"filamento";"SpaceAfter=No";"filamentos";"1"
"38215";"DiccionariodeVandelli.txt";5214;"Cucurbita; huma em cinco filamentos na classe Syngenesia.";"6";"filamentos";"filamento";NA;"filamentos";"1"
"38226";"DiccionariodeVandelli.txt";5216;"Duas antheras em hum só filamento; Mercurialis; tres antheras em hum só filamento, Fumaria; cinco em tres filamentos";"2";"antheras";"antera";NA;"anteras";"1"
"38230";"DiccionariodeVandelli.txt";5216;"Duas antheras em hum só filamento; Mercurialis; tres antheras em hum só filamento, Fumaria; cinco em tres filamentos";"6";"filamento";"filamento";"SpaceAfter=No";"filamento";"1"
"38235";"DiccionariodeVandelli.txt";5216;"Duas antheras em hum só filamento; Mercurialis; tres antheras em hum só filamento, Fumaria; cinco em tres filamentos";"11";"antheras";"antera";NA;"anteras";"1"
"38239";"DiccionariodeVandelli.txt";5216;"Duas antheras em hum só filamento; Mercurialis; tres antheras em hum só filamento, Fumaria; cinco em tres filamentos";"15";"filamento";"filamento";"SpaceAfter=No";"filamento";"1"
"38246";"DiccionariodeVandelli.txt";5216;"Duas antheras em hum só filamento; Mercurialis; tres antheras em hum só filamento, Fumaria; cinco em tres filamentos";"22";"filamentos";"filamento";NA;"filamentos";"1"
"38252";"DiccionariodeVandelli.txt";5217;"Brionia; cinco em cada filamento.";"6";"filamento";"filamento";"SpaceAfter=No";"filamento";"1"
"38267";"DiccionariodeVandelli.txt";5220;"Saõ concameraçoens, ou cavidades, da anthera, nas quaes está o pollen; e que se distinguem bem quando o pollen sahio.";"9";"anthera";"antera";"SpaceAfter=No";"antera";"1"
"38300";"DiccionariodeVandelli.txt";5221;"Segundo o numero dos ditos loculamentos he que se denominaõ as antheras.";"13";"antheras";"antera";"SpaceAfter=No";"anteras";"1"
"38307";"DiccionariodeVandelli.txt";5223;"Anthera com dous, tres &c. loculos.";"1";"Anthera";"antera";NA;"Antera";"1"
"38348";"DiccionariodeVandelli.txt";5226;"Geminus, dous, Helleborus; ter tres, Orchis; quater quatro, Fritillaria; por isso he que se diz anthera unilocular, bilocular &c.";"23";"anthera";"antera";NA;"antera";"1"
"38361";"DiccionariodeVandelli.txt";5228;"Abertura da anthera pela qual sahe, ou se lança o pollen da sua cavidade, ou loculo, a qual está em hum lado da anthera no Leucojum; em muitas plantas tem as antheras esta abertura no apice Solanum; outras desde a";"4";"anthera";"antera";NA;"antera";"1"
"38391";"DiccionariodeVandelli.txt";5228;"Abertura da anthera pela qual sahe, ou se lança o pollen da sua cavidade, ou loculo, a qual está em hum lado da anthera no Leucojum; em muitas plantas tem as antheras esta abertura no apice Solanum; outras desde a";"31";"anthera";"antera";NA;"antera";"1"
"38402";"DiccionariodeVandelli.txt";5228;"Abertura da anthera pela qual sahe, ou se lança o pollen da sua cavidade, ou loculo, a qual está em hum lado da anthera no Leucojum; em muitas plantas tem as antheras esta abertura no apice Solanum; outras desde a";"41";"antheras";"antera";NA;"anteras";"1"
"38431";"DiccionariodeVandelli.txt";5232;"Figura da anthera.";"4";"anthera";"antera";"SpaceAfter=No";"antera";"1"
"38434";"DiccionariodeVandelli.txt";5233;"— Oblonga.";"2";"Oblonga";"oblongo";"SpaceAfter=No";"Oblonga";"1"
"38492";"DiccionariodeVandelli.txt";5247;"Pela connexaõ, ou uniaõ com o filamento.";"9";"filamento";"filamento";"SpaceAfter=No";"filamento";"1"
"38554";"DiccionariodeVandelli.txt";5259;"Situaçaõ, ou lugar nos filamentos.";"7";"filamentos";"filamento";"SpaceAfter=No";"filamentos";"1"
"38566";"DiccionariodeVandelli.txt";5261;"Na ponta do filamento, ordinariamente.";"6";"filamento";"filamento";"SpaceAfter=No";"filamento";"1"
"38582";"DiccionariodeVandelli.txt";5266;"— Pistillo.";"2";"Pistillo";"pistilo";"SpaceAfter=No";"Pistilo";"1"
"38587";"DiccionariodeVandelli.txt";5267;"Ao pistillo.";"3";"pistillo";"pistilo";"SpaceAfter=No";"pistilo";"1"
"38592";"DiccionariodeVandelli.txt";5269;"— Receptaculo.";"2";"Receptaculo";"receptáculo";"SpaceAfter=No";"Receptáculo";"1"
"38597";"DiccionariodeVandelli.txt";5270;"Ao receptaculo.";"3";"receptaculo";"receptáculo";"SpaceAfter=No";"receptáculo";"1"
"38738";"DiccionariodeVandelli.txt";5287;"He huma parte da flor posta no meio, pela qual entra o pollen, ou a aura seminal no germe, ou ovario para a fecundaçaõ; està cercado dos filamentos, e está posto geralmente entre as antheras, e consta de germe, stilo, e estigma.";"37";"filamentos";"filamento";"SpaceAfter=No";"filamentos";"1"
"38746";"DiccionariodeVandelli.txt";5287;"He huma parte da flor posta no meio, pela qual entra o pollen, ou a aura seminal no germe, ou ovario para a fecundaçaõ; està cercado dos filamentos, e está posto geralmente entre as antheras, e consta de germe, stilo, e estigma.";"45";"antheras";"antera";"SpaceAfter=No";"anteras";"1"
"38756";"DiccionariodeVandelli.txt";5287;"He huma parte da flor posta no meio, pela qual entra o pollen, ou a aura seminal no germe, ou ovario para a fecundaçaõ; està cercado dos filamentos, e está posto geralmente entre as antheras, e consta de germe, stilo, e estigma.";"55";"estigma";"estigma";"SpaceAfter=No";"estigma";"1"
"38821";"DiccionariodeVandelli.txt";5297;"c. He a summidade, ou apice do pistillo, humida pelo humor, que serve para romper as particulas do pó, ou pollen, do qual sahe a aura seminal, ou fecundante.";"10";"pistillo";"pistilo";"SpaceAfter=No";"pistilo";"1"
"38856";"DiccionariodeVandelli.txt";5298;"O estigma corresponde aos genitaes das mulheres.";"2";"estigma";"estigma";NA;"estigma";"1"
"38876";"DiccionariodeVandelli.txt";5300;"Quasi sempre hum só estigma.";"5";"estigma";"estigma";"SpaceAfter=No";"estigma";"1"
"38897";"DiccionariodeVandelli.txt";5306;"— Lacinia convoluta.";"2";"Lacinia";"lacínia";NA;"Lacínia";"1"
"38901";"DiccionariodeVandelli.txt";5307;"A lacinia, ou aba do estigma enrolada.";"2";"lacinia";"lacínia";"SpaceAfter=No";"lacínia";"1"
"38908";"DiccionariodeVandelli.txt";5307;"A lacinia, ou aba do estigma enrolada.";"8";"estigma";"estigma";NA;"estigma";"1"
"38951";"DiccionariodeVandelli.txt";5319;"- O estigma dividido em seis partes.";"3";"estigma";"estigma";NA;"estigma";"1"
"39056";"DiccionariodeVandelli.txt";5350;"Siliqua fig. 155.";"1";"Siliqua";"síliqua";NA;"Síliqua";"1"
"39094";"DiccionariodeVandelli.txt";5352;"Diz-se siliqua quando o comprimento excede muito á largura.";"3";"siliqua";"síliqua";NA;"síliqua";"1"
"39170";"DiccionariodeVandelli.txt";5357;"Consiste no corculo, o qual está pegado ao cotyledon, e he cuberto pelo mesmo, e depois he todo cuberto com huma membrana, ou tunica.";"12";"cotyledon";"cotilédone";"SpaceAfter=No";"cotilédone";"1"
"39190";"DiccionariodeVandelli.txt";5357;"Consiste no corculo, o qual está pegado ao cotyledon, e he cuberto pelo mesmo, e depois he todo cuberto com huma membrana, ou tunica.";"31";"tunica";"túnica";"SpaceAfter=No";"túnica";"1"
"39198";"DiccionariodeVandelli.txt";5359;"Saõ sementes sem tunicas, e cotyledones, de maneira, que o corculo está nû, e assim o rostello está pegado ao caliz,";"4";"tunicas";"túnica";"SpaceAfter=No";"túnicas";"1"
"39201";"DiccionariodeVandelli.txt";5359;"Saõ sementes sem tunicas, e cotyledones, de maneira, que o corculo está nû, e assim o rostello está pegado ao caliz,";"7";"cotyledones";"cotilédone";"SpaceAfter=No";"cotilédones";"1"
"39221";"DiccionariodeVandelli.txt";5359;"Saõ sementes sem tunicas, e cotyledones, de maneira, que o corculo está nû, e assim o rostello está pegado ao caliz,";"26";"caliz";"cálice";"SpaceAfter=No";"cálice";"1"
"39293";"DiccionariodeVandelli.txt";5365;"Hum só cotyledon.";"3";"cotyledon";"cotilédone";"SpaceAfter=No";"cotilédone";"1"
"39297";"DiccionariodeVandelli.txt";5366;"As antas bulbosas.";"3";"bulbosas";"bulboso";"SpaceAfter=No";"bulbosas";"1"
"39322";"DiccionariodeVandelli.txt";5374;"Com muitos cotyledones; saõ poucas plantas; des, Pinus. cinco Cupressus. quatro Linum.";"3";"cotyledones";"cotilédone";"SpaceAfter=No";"cotilédones";"1"
"39370";"DiccionariodeVandelli.txt";5378;"He o leito, ou placenta, ou base, em que estaõ pegadas as partes da frutificaçaõ (104).";"19";"frutificaçaõ";"frutificação";NA;"frutificação";"1"
"39376";"DiccionariodeVandelli.txt";5379;"O receptaculo cêrca internamente as paredes do caliz na classe Icosandria, e em algumas outras plantas; e assim a corolla, e os filamentos estaõ pegados ao caliz.";"2";"receptaculo";"receptáculo";NA;"receptáculo";"1"
"39384";"DiccionariodeVandelli.txt";5379;"O receptaculo cêrca internamente as paredes do caliz na classe Icosandria, e em algumas outras plantas; e assim a corolla, e os filamentos estaõ pegados ao caliz.";"9";"caliz";"cálice";NA;"cálice";"1"
"39404";"DiccionariodeVandelli.txt";5379;"O receptaculo cêrca internamente as paredes do caliz na classe Icosandria, e em algumas outras plantas; e assim a corolla, e os filamentos estaõ pegados ao caliz.";"28";"filamentos";"filamento";NA;"filamentos";"1"
"39410";"DiccionariodeVandelli.txt";5379;"O receptaculo cêrca internamente as paredes do caliz na classe Icosandria, e em algumas outras plantas; e assim a corolla, e os filamentos estaõ pegados ao caliz.";"33";"caliz";"cálice";"SpaceAfter=No";"cálice";"1"
"39436";"DiccionariodeVandelli.txt";5384;"A flor composta radiada consta de disco e raio.";"7";"disco";"disco";NA;"disco";"1"
"39502";"DiccionariodeVandelli.txt";5388;"A superficie, ou centro da flor, consta de pequenas corollas quasi sempre regulares: na fior composta he a parte do meio, que acaba, ou que vem cercada com a margem do caliz.";"41";"caliz";"cálice";"SpaceAfter=No";"cálice";"1"
"39515";"DiccionariodeVandelli.txt";5390;"Flor composta de flores compostas; contem em hum caliz commum calices menores, que saõ communs a muitas flores.";"10";"caliz";"cálice";NA;"cálice";"1"
"39517";"DiccionariodeVandelli.txt";5390;"Flor composta de flores compostas; contem em hum caliz commum calices menores, que saõ communs a muitas flores.";"12";"calices";"cálice";NA;"cálices";"1"
"39543";"DiccionariodeVandelli.txt";5393;"Flor completa, ou perfeita, consta de corolla, e caliz.";"12";"caliz";"cálice";"SpaceAfter=No";"cálice";"1"
"39557";"DiccionariodeVandelli.txt";5395;"Faltando na flor a corolla, ou o caliz.";"10";"caliz";"cálice";"SpaceAfter=No";"cálice";"1"
"39570";"DiccionariodeVandelli.txt";5399;"Flor sem caliz.";"3";"caliz";"cálice";"SpaceAfter=No";"cálice";"1"
"39580";"DiccionariodeVandelli.txt";5402;"Flor, cujo receptaculo, ou base larga, inteira, contem muitas pequenas flores com pequenos peciolos; porem as antheras naõ estaõ unidas entre si.";"4";"receptaculo";"receptáculo";"SpaceAfter=No";"receptáculo";"1"
"39594";"DiccionariodeVandelli.txt";5402;"Flor, cujo receptaculo, ou base larga, inteira, contem muitas pequenas flores com pequenos peciolos; porem as antheras naõ estaõ unidas entre si.";"18";"peciolos";"pecíolo";"SpaceAfter=No";"pecíolos";"1"
"39598";"DiccionariodeVandelli.txt";5402;"Flor, cujo receptaculo, ou base larga, inteira, contem muitas pequenas flores com pequenos peciolos; porem as antheras naõ estaõ unidas entre si.";"22";"antheras";"antera";NA;"anteras";"1"
"39613";"DiccionariodeVandelli.txt";5405;"O receptaculo, ou base desta fior he comprida, e delgada, e da mesma largura em todo o comprimento, e dividido com escamas";"2";"receptaculo";"receptáculo";"SpaceAfter=No";"receptáculo";"1"
"39669";"DiccionariodeVandelli.txt";5413;"Hum receptaculo, ou base commua dividida, e allongada, ou estendida em pedunculos á maneira de fios proporcionaes, os quaes todos sahem do mesmo centro, ou que sahindo todos do mesmo ponto formaõ huma circunferencia igual.";"2";"receptaculo";"receptáculo";"SpaceAfter=No";"receptáculo";"1"
"39682";"DiccionariodeVandelli.txt";5413;"Hum receptaculo, ou base commua dividida, e allongada, ou estendida em pedunculos á maneira de fios proporcionaes, os quaes todos sahem do mesmo centro, ou que sahindo todos do mesmo ponto formaõ huma circunferencia igual.";"15";"pedunculos";"pedúnculo";NA;"pedúnculos";"1"
"39717";"DiccionariodeVandelli.txt";5414;"Cada flor contém cinco estames desunidos, que cahem depois de fecundado o germe, o qual está posto debaixo da corolla: o pistillo he bifido, as sementes saõ duas, unidas entre si pela summidade.";"5";"estames";"estame";NA;"estames";"1"
"39739";"DiccionariodeVandelli.txt";5414;"Cada flor contém cinco estames desunidos, que cahem depois de fecundado o germe, o qual está posto debaixo da corolla: o pistillo he bifido, as sementes saõ duas, unidas entre si pela summidade.";"26";"pistillo";"pistilo";NA;"pistilo";"1"
"39741";"DiccionariodeVandelli.txt";5414;"Cada flor contém cinco estames desunidos, que cahem depois de fecundado o germe, o qual está posto debaixo da corolla: o pistillo he bifido, as sementes saõ duas, unidas entre si pela summidade.";"28";"bifido";"bífido";"SpaceAfter=No";"bífido";"1"
"39928";"DiccionariodeVandelli.txt";5444;"Corpo, quasi cuberto de tunicas exteriormente.";"6";"tunicas";"túnica";NA;"túnicas";"1"
"40805";"DiccionariodeVandelli.txt";5600;"MEMÓRIA SOBRE A UTILIDADE DOS JARDINS BOTANICOS";"7";"JARDINS BOTANICOS";"jardim botânico";NA;"JARDINS BOTÂNICOS";"1"
"41054";"DiccionariodeVandelli.txt";5611;"O primeiro conhecimento adquire-se com o estudo da botanica, o segundo com experiencias e reflexões fisicas, o terceiro, e quarto com hum jardim botanico, no qual he necessario cultivar os vegetaes de todos os climas, e terrenos.";"28";"jardim botanico";"jardim botânico";NA;"jardim botânico";"1"
"41475";"DiccionariodeVandelli.txt";5622;"Quão grande seja a utilidade de hum Jardim Botanico ( alem do gosto de ver juntas as plantas de todas as partes do mundo, e do proveito que dellas recebem, a Medicina, as Artes, o Commercio &c. (a) ) para a Agricultura só o ignora aquelle, que naõ sabe quantas plantas de regioens remotas por meio dos Jardins são hoje commuas, e ordinarias na Europa,";"8";"Jardim Botanico";"jardim botânico";NA;"Jardim Botânico";"1"
"41564";"DiccionariodeVandelli.txt";5623;"A respeito de sua grande utilidade ja foraõ estabelecidos em França doze Jardins Botanicos, em Hespanha dous, em Saboia hum, em Italia treze: em Alemanha vinte, em Inglaterra tres, na Prussia quatro, em Hollanda oito, em Dinamarca hum, em Suecia tres, na polonia hum, na Russia hum; alem de muitos jardins particulares.";"13";"Jardins Botanicos";"jardim botânico";NA;"Jardins Botânicos";"1"
"41984";"DiccionariodeVandelli.txt";5639;"Nos Jardins Botanicos como se cultivaõ as differentes plantas de todos os climas, e terrenos, conhecem-se, e escolhem-se as mais proprias, e adequadas ao Paiz.";"3";"Jardins Botanicos";"jardim botânico";NA;"Jardins Botânicos";"1"
"42475";"DiccionariodeVandelli.txt";5672;"Deixo de fallar de tantas arvores, plantas da Asia, Africa, e America que estaõ ja introduzidas na Europa, ou para ornato de Jardins, ou para outra utilidade, porque faria um dilatado catalogo, principalmente se ajuntasse todas as plantas de outros paizes, que neste Real Jardim Botanico tenho experimentado serem adequadas, e proprias para este feliz clima.";"56";"Jardim Botanico";"jardim botânico";NA;"Jardim Botânico";"1"
"42569";"DiccionariodeVandelli.txt";5674;"Alem das plantas da Asia, Affrica, e America; com a instituiçaõ dos Jardins Botanicos em varias partes sabe-se, que plantas uteis de varios climas da mesma Europa se podem transplantar para cada Paiz.";"19";"Jardins Botanicos";"jardim botânico";NA;"Jardins Botânicos";"1"
"43994";"DiccionariodeVandelli.txt";5767;"Se corresponder a aceitaçaõ do Publico aos meus sinceros dezejos occupar-me-hei em fazer experiencias sobre as plantas que se cultivaõ, e se cultivaraõ neste Real Jardim Botanico a fim de conhecer as mais adequadas para este feliz clima, e aquellas que multiplicadas poderaõ dar maior utilidade: farei mais exactas observações sobre os lugares incultos: indicarei os meios proporcionados conforme as situaçoens, e producçoens, tratando fundamentalmente de todos estes objectos.";"30";"Jardim Botanico";"jardim botânico";NA;"Jardim Botânico";"1"
"45408";"AnatomiadeSantucci.txt";72;"como as arterias, veas, nervos, ossos, cartilagens, membranas, ligamentos, tunicas,";"17";"tunicas";"túnica";"SpaceAfter=No";"túnicas";"1"
"46339";"AnatomiadeSantucci.txt";151;"pela mesma tunica.";"4";"tunica";"túnica";"SpaceAfter=No";"túnica";"1"
"46693";"AnatomiadeSantucci.txt";165;"Desta substancia oleosa, e medullar necessitaõ os ossos, porque saindo dos seus pòros, tempéra com sua untuosidade as particulas do sangue, que devem nutrir os mesmos ossos, e tambem serve para os conservar no seu temperamento, lubrificando, e impedindo, que pela muita sequidaõ não se quebrem facilmente.";"7";"medullar";"medular";NA;"medular";"1"
"48194";"AnatomiadeSantucci.txt";257;"Estas suturas saõ duas, e se chamaõ escamosas, ou temporaes, servem para unir os ossos das fontes com os ossos da molleira com as suas escamas, que tem na borda.";"9";"escamosas";"escamoso";"SpaceAfter=No";"escamosas";"1"
"48417";"AnatomiadeSantucci.txt";268;"Suturas escamosas ou temporaes";"2";"escamosas";"escamoso";NA;"escamosas";"1"
"49374";"AnatomiadeSantucci.txt";320;"A figura destes he quadrilatra, mas na grossura saõ desiguaes, unem-se estes ossos com o osso da testa por meyo da sutura coronal, e com o osso da molleira por meyo da sutura lambdoidea; finalmente com os ossos das fontes, onde saõ muy delgados, unem-se por meyo da sutura escamosa, e entre si se unem pela sutura sagittal.";"66";"escamosa";"escamoso";"SpaceAfter=No";"escamosa";"1"
"50037";"AnatomiadeSantucci.txt";350;"O osso das fontes, que tambem se chamaõ Lapidosos, Petrosos, Escamosos, e Mendosos, saõ de figura na parte superior quasi semicircular, e a sua superficie he igual: por baixo internamente a";"15";"Escamosos";"escamoso";"SpaceAfter=No";"Escamosos";"1"
"50146";"AnatomiadeSantucci.txt";358;"Unem-se com os ossos da molleira por meyo sutura escamosa, e com o osso da testa, e com o do toutiço, pelas suturas acima ditas.";"12";"escamosa";"escamoso";"SpaceAfter=No";"escamosa";"1"
"51428";"AnatomiadeSantucci.txt";420;"Dous saõ os usos, que se assinaõ aos buracos crivriformes; hum he que serve de passagem a muitas fibrinhas dos nervos olfactorios, que nascem, e se vaõ espalhando pelas tunicas, que vestem as cavidades do nariz.";"37";"tunicas";"túnica";"SpaceAfter=No";"túnicas";"1"
"53048";"AnatomiadeSantucci.txt";525;"estaõ compostas as paredes de cada hum dos canosinhos carnosos, saõ filamentos minimos dos nervos.";"14";"filamentos";"filamento";NA;"filamentos";"1"
"53362";"AnatomiadeSantucci.txt";535;"Pelos canosinhos carnosos livremente vay correndo o sangue antes que passe das arterias para as veas; e em quanto corre, as fibras se conservaõ extensas, e compridas, mas pelos filamentos nervosos, que compoem as paredes dos canosinhos, correm os espiritos animaes, que provém dos nervos.";"37";"filamentos";"filamento";NA;"filamentos";"1"
"53400";"AnatomiadeSantucci.txt";536;"Com tudo naõ havemos de conceber, que os mesmos espiritos correm por aquelles filamentos, como por canos livres, e totalmente iguaes, mas como por huns corpos esponjosos, e que tem varias cavidades desiguaes; e ainda que tenhaõ communicaçaõ entre si, com tudo pòdem ahi mesmo deter os espiritos, e impedir, que corraõ livremente.";"15";"filamentos";"filamento";"SpaceAfter=No";"filamentos";"1"
"53749";"AnatomiadeSantucci.txt";546;"Para se entender mais facilmente esta contracçaõ, e relaxaçaõ do musculo, havemos de conceber os segmentos, ou partes das fibras, que constituem os canosinhos carnosos, como huns minimos articulos, os quaes dispostos direitamente, compoem o filamento inteiro.";"45";"filamento";"filamento";NA;"filamento";"1"
"55214";"AnatomiadeSantucci.txt";622;"Note-se, que todos os rectos principiaõ do buraco regular, que està no fundo do buraco da Orbita, e acabaõ no bulbo do olho.";"30";"bulbo";"bulbo";NA;"bulbo";"1"
